energy,Cu64 + photon [inclusive] width,n + Cu63 width,J,Pi,L
-37093.01,0.03055291,3985.125,1,-1,0
-266.6236,0.4212613,7.185212,1,-1,0
650.7432,0.3315416,0.01187882,1,-1,0
2044.23,0.3854177,41.07563,1,-1,0
3308.834,0.6452201,0.02262346,1,-1,0
3501.465,0.7409985,0.02460457,1,-1,0
4395.981,0.4513072,4.603792,1,-1,0
4434.992,1.072698,0.03157869,1,-1,0
4854.568,0.5443946,14.11003,1,-1,0
5817.756,0.6038102,11.33485,1,-1,0
6838.389,0.7885441,0.1840215,1,-1,0
7562.579,0.450567,17.55631,1,-1,0
8626.556,2.505465,0.1647036,1,-1,0
8647.213,1.551128,0.1265229,1,-1,0
9759.081,0.526672,0.1671113,1,-1,0
9918.42,0.6187942,90.13333,1,-1,0
10308.63,2.830947,0.1587647,1,-1,0
13701.5,0.3562236,28.0062,1,-1,0
15089.31,0.4511191,22.71063,1,-1,0
15807.07,0.546093,10.28754,1,-1,0
17865.72,0.3985639,84.29085,1,-1,0
18338.39,0.475526,0.002196298,1,-1,0
20389.39,0.5940714,0.8620342,1,-1,0
20443.23,8.461948,0.085757,1,-1,0
20918.66,0.5746705,0.6505904,1,-1,0
21005.37,0.9116019,100.1282,1,-1,0
21522.09,2.619052,0.131049,1,-1,0
23624.77,0.5385611,4.268506,1,-1,0
25760.61,0.4392857,264.751,1,-1,0
29510.86,0.5098356,304.4736,1,-1,0
29930.51,0.4718404,0.01361137,1,-1,0
30472.15,0.6166168,18.12644,1,-1,0
31397.27,0.6101848,50.94252,1,-1,0
32205.5,0.6093683,13.29705,1,-1,0
35017.66,1.418118,0.05412689,1,-1,0
36145.83,0.6216827,95.53072,1,-1,0
37966.02,0.447046,28.03745,1,-1,0
39109.23,0.527338,0.04553536,1,-1,0
42534.11,0.6294553,211.1937,1,-1,0
44703.88,5.897303,0.2935447,1,-1,0
44763.73,0.5185812,68.26022,1,-1,0
45823.67,0.530839,0.6769722,1,-1,0
52921.94,0.6702821,0.770472,1,-1,0
53745.95,0.70291,653.7216,1,-1,0
55317.88,0.7124706,590.1648,1,-1,0
57677.66,0.5840435,15.69845,1,-1,0
59134.87,0.4923646,48.84757,1,-1,0
59446.89,0.3357264,28.19816,1,-1,0
59939.28,0.5133754,21.75013,1,-1,0
64506.89,0.4589331,2.033486,1,-1,0
65021.01,0.4019503,165.7322,1,-1,0
66291.0,0.5568665,338.0655,1,-1,0
68939.06,0.4376564,17.70567,1,-1,0
69669.91,0.6750773,137.941,1,-1,0
72955.77,0.6791352,0.5385811,1,-1,0
73725.24,0.6543578,438.8074,1,-1,0
74604.72,0.6308678,58.52555,1,-1,0
79145.35,0.7100341,15.96593,1,-1,0
81434.99,0.009666119,14.64464,1,-1,0
81846.35,0.1898909,4.219759,1,-1,0
85922.15,0.4650385,11.86786,1,-1,0
87505.17,0.5535435,27.70341,1,-1,0
87571.74,1.271951,0.1353378,1,-1,0
89536.62,0.5953466,30.2233,1,-1,0
90285.26,0.981271,26.34867,1,-1,0
94699.49,0.6971084,146.5287,1,-1,0
95371.88,0.4633638,11.85445,1,-1,0
96865.29,1.038251,41.51948,1,-1,0
97209.81,0.6682656,1.405372,1,-1,0
98420.98,0.4147479,1.71134,1,-1,0
98549.41,0.5235994,13.1597,1,-1,0
98830.9,0.9053212,8.250045,1,-1,0
101557.3,0.9551607,22.77647,1,-1,0
102637.9,0.8746148,2.219539,1,-1,0
104525.5,0.6083387,6.800294,1,-1,0
105283.0,0.7998415,7.957038,1,-1,0
107245.4,1.317362,23.28542,1,-1,0
107250.2,2.503134,92.95661,1,-1,0
107634.7,0.4632379,15.01203,1,-1,0
108698.9,3.642601,231.7513,1,-1,0
109613.9,0.2872402,0.2219306,1,-1,0
114816.4,0.988693,195.683,1,-1,0
115197.5,1.363484,2.965042,1,-1,0
116933.1,0.8394021,12.44908,1,-1,0
117209.1,0.9911041,3.973605,1,-1,0
118228.5,1.782514,274.0251,1,-1,0
120025.2,0.6297289,40.2646,1,-1,0
121116.9,0.6682408,29.60224,1,-1,0
124288.5,0.825938,169.7736,1,-1,0
124525.4,0.6805562,232.8181,1,-1,0
125375.7,0.08578101,0.528426,1,-1,0
125559.9,1.099049,198.8945,1,-1,0
125717.6,0.8116194,68.36746,1,-1,0
126785.8,0.9176377,17.8484,1,-1,0
126830.3,2.842423,579.6792,1,-1,0
129696.3,1.783613,35.52688,1,-1,0
131332.5,1.126425,17.21094,1,-1,0
132682.9,0.6075053,4.048221,1,-1,0
133972.3,0.491931,124.265,1,-1,0
135218.7,0.6897927,0.3805569,1,-1,0
135317.4,0.7410952,19.26168,1,-1,0
136751.1,0.3482115,448.5519,1,-1,0
137623.0,0.3291,19.54575,1,-1,0
137805.6,0.5079674,2.460739,1,-1,0
142953.7,0.7058715,0.5844295,1,-1,0
145694.5,0.5989731,15.16551,1,-1,0
145920.8,1.109895,3.478521,1,-1,0
146269.7,0.1409564,1.142372,1,-1,0
148124.2,1.501382,98.95276,1,-1,0
151050.2,0.8267939,164.7394,1,-1,0
151239.1,1.051173,219.5863,1,-1,0
151510.2,0.09557899,3.324218,1,-1,0
152313.0,1.195924,0.5817388,1,-1,0
153265.9,0.5672642,0.3961463,1,-1,0
153452.6,4.440599,2.175686,1,-1,0
154367.3,0.6877181,109.414,1,-1,0
155152.4,2.538083,681.4603,1,-1,0
155609.0,2.158274,0.3845176,1,-1,0
158111.1,0.8522773,431.9688,1,-1,0
162222.3,0.4122986,525.727,1,-1,0
162984.2,0.7259186,9.910012,1,-1,0
165236.4,1.266671,8.36269,1,-1,0
167472.4,0.9667017,28.45309,1,-1,0
167811.4,1.192599,99.55061,1,-1,0
169743.8,3.70211,652.4298,1,-1,0
170504.8,0.4570356,7.857434,1,-1,0
170837.5,0.2535706,0.810433,1,-1,0
170951.9,0.6621816,3.381782,1,-1,0
171323.5,0.4259306,3.906314,1,-1,0
172044.9,0.04152343,0.1819563,1,-1,0
174125.5,0.7496284,1.379516,1,-1,0
174922.0,0.683975,49.5996,1,-1,0
177254.9,0.8559323,14.4502,1,-1,0
182085.1,1.311735,413.4181,1,-1,0
183841.0,0.477446,1.096899,1,-1,0
184442.7,5.576493,1019.906,1,-1,0
189764.0,2.875753,681.1788,1,-1,0
191408.6,2.71095,517.4673,1,-1,0
192547.4,2.222145,751.9427,1,-1,0
193850.5,2.061248,691.1202,1,-1,0
196679.7,0.6699716,15.04273,1,-1,0
196828.5,0.02078909,629.6953,1,-1,0
198299.7,0.4414401,8.30231,1,-1,0
199327.6,0.1891775,8.292278,1,-1,0
201150.8,6.782941,1434.185,1,-1,0
202539.0,0.8111335,488.4811,1,-1,0
203984.7,0.357606,16.46061,1,-1,0
205537.9,0.9692587,443.1254,1,-1,0
206948.5,0.1171421,18.12734,1,-1,0
207989.5,0.2192002,43.83416,1,-1,0
209614.8,1.61546,13.67182,1,-1,0
211093.7,0.6988169,52.5569,1,-1,0
212351.6,1.447702,344.9006,1,-1,0
213950.1,1.806896,1074.676,1,-1,0
215691.0,0.3843703,26.79349,1,-1,0
216957.4,0.4818885,41.6444,1,-1,0
218583.8,1.09924,46.18837,1,-1,0
219859.6,2.056137,310.3935,1,-1,0
221015.4,0.1193098,49.44013,1,-1,0
222099.8,0.22987,25.62483,1,-1,0
223567.9,0.07466449,11.07214,1,-1,0
225120.6,1.699397,315.7084,1,-1,0
226725.7,0.1556833,20.14003,1,-1,0
228299.1,7.127714,507.5607,1,-1,0
229816.8,0.7415813,-1.299941,1,-1,0
231065.3,0.07024648,13.80183,1,-1,0
232566.8,1.471939,11.46186,1,-1,0
233200.3,0.4129267,1021.755,1,-1,0
235555.1,2.786138,49.00711,1,-1,0
236611.1,0.3032375,9.572116,1,-1,0
238393.8,1.885651,64.07624,1,-1,0
239441.4,6.136271,386.989,1,-1,0
240774.3,0.1397074,20.09852,1,-1,0
242383.4,0.9252761,356.4065,1,-1,0
243949.1,2.125321,15.3743,1,-1,0
245252.9,0.5178402,246.7978,1,-1,0
246532.0,2.209992,1359.723,1,-1,0
248210.2,0.9041384,116.8368,1,-1,0
249534.1,0.5686912,84.20846,1,-1,0
250841.7,1.459358,600.6624,1,-1,0
251740.5,4.576838,1124.85,1,-1,0
254241.5,0.4527377,39.35346,1,-1,0
255219.8,0.6999181,129.7499,1,-1,0
256500.8,0.3715717,11.88176,1,-1,0
257920.0,2.107243,34.88686,1,-1,0
259536.7,0.6288673,174.5676,1,-1,0
260776.9,2.204117,1.112841,1,-1,0
262059.5,2.1828,50.00441,1,-1,0
263685.2,1.170603,167.3627,1,-1,0
265385.9,6.88391,680.1519,1,-1,0
266685.2,4.716101,527.3386,1,-1,0
268153.0,1.624458,115.5336,1,-1,0
269454.8,3.457624,51.54869,1,-1,0
270587.3,1.786126,165.3485,1,-1,0
271649.6,0.9072708,615.6966,1,-1,0
273812.1,1.120438,17.1456,1,-1,0
275168.0,0.9372087,20.25991,1,-1,0
275865.5,1.719563,237.0112,1,-1,0
277987.2,0.3816253,1192.376,1,-1,0
278983.5,0.886884,30.29695,1,-1,0
281479.5,0.6860151,95.72399,1,-1,0
282947.4,0.3606553,30.40684,1,-1,0
283460.1,1.054625,69.30159,1,-1,0
284473.2,5.757108,3637.473,1,-1,0
285845.1,1.339126,270.0066,1,-1,0
287704.2,0.6698488,583.0568,1,-1,0
288232.2,0.06485506,522.7431,1,-1,0
290348.4,1.185572,8.810691,1,-1,0
293253.4,0.2652886,24.77984,1,-1,0
293367.3,0.2632804,93.24696,1,-1,0
294172.7,0.3536579,22.18663,1,-1,0
296571.0,2.170451,119.2772,1,-1,0
298675.5,0.677663,-0.4198931,1,-1,0
299600.0,5.410999,5.917322,1,-1,0
304830.2,0.5216707,5856.36,1,-1,0
306426.6,0.5105882,1931.509,1,-1,0
308842.4,0.5322659,2196.609,1,-1,0
324318.2,0.5001175,78.85937,1,-1,0
328286.1,0.5088833,27491.73,1,-1,0
-53346.25,0.03382957,6331.238,2,-1,0
577.9911,0.305168,0.9580431,2,-1,0
806.8959,0.2300979,0.002920162,2,-1,0
994.3759,0.3474124,0.009294202,2,-1,0
2646.827,0.440627,3.94233,2,-1,0
2857.617,0.5822586,0.01865241,2,-1,0
4373.949,0.549455,0.01429675,2,-1,0
5385.354,0.3965516,37.1353,2,-1,0
7941.26,0.4928947,72.58,2,-1,0
9195.535,0.2424946,39.69307,2,-1,0
9744.573,2.80515,0.08141028,2,-1,0
10839.64,0.2709038,62.83097,2,-1,0
13148.65,0.389611,80.28261,2,-1,0
15129.71,2.727022,0.09314837,2,-1,0
18122.28,0.5795584,28.78459,2,-1,0
18402.87,0.4937597,0.0004663887,2,-1,0
19497.16,5.537031,0.1151799,2,-1,0
21173.58,0.5544076,0.1621586,2,-1,0
21215.76,0.3205537,86.41106,2,-1,0
22799.53,0.4027442,99.08509,2,-1,0
24920.41,0.4620304,67.80013,2,-1,0
25776.58,5.420139,0.1506153,2,-1,0
26613.09,0.5246408,62.19375,2,-1,0
27483.79,0.4619095,0.005804384,2,-1,0
30050.67,0.4387202,0.004156559,2,-1,0
30858.09,0.5296436,0.01006595,2,-1,0
33248.21,1.000633,0.1980821,2,-1,0
33286.62,0.301877,208.4429,2,-1,0
36849.56,0.4815113,75.22464,2,-1,0
42018.3,0.4107488,202.3127,2,-1,0
50260.79,0.7245057,68.59958,2,-1,0
54916.95,0.6078964,289.6279,2,-1,0
56332.99,0.6357561,88.5512,2,-1,0
58452.35,0.6695336,68.5064,2,-1,0
63017.74,7.261031,0.108013,2,-1,0
63240.86,0.4690599,59.21194,2,-1,0
64586.55,13.73675,0.2086879,2,-1,0
64802.9,1.600652,0.06474397,2,-1,0
65336.63,0.4446347,45.55951,2,-1,0
68498.97,0.5668346,0.06255311,2,-1,0
71289.75,0.4644632,32.40123,2,-1,0
72203.32,0.454227,75.38379,2,-1,0
72814.02,0.802752,505.0221,2,-1,0
74671.43,0.2504998,0.7136167,2,-1,0
75910.61,0.4830314,25.25161,2,-1,0
77993.99,0.3434662,36.28806,2,-1,0
79017.91,0.5261378,75.54931,2,-1,0
81441.86,0.7622238,722.3719,2,-1,0
88507.48,1.383925,0.1472916,2,-1,0
90005.46,0.3629947,128.2048,2,-1,0
90395.68,0.5128188,2.696599,2,-1,0
91332.87,0.6246623,186.7288,2,-1,0
92181.54,0.8590986,77.52552,2,-1,0
95246.98,0.8662144,17.567,2,-1,0
95921.03,0.5593846,160.5476,2,-1,0
100887.7,0.4697491,148.0393,2,-1,0
101210.1,0.7517067,165.9467,2,-1,0
103829.4,0.7928617,137.2709,2,-1,0
105130.9,0.240622,23.93922,2,-1,0
106948.5,0.9960255,0.3526628,2,-1,0
107440.3,0.08733728,269.1309,2,-1,0
108636.6,0.1067095,51.2472,2,-1,0
108791.1,0.4521541,56.61308,2,-1,0
109346.8,0.7496421,0.2755576,2,-1,0
115638.7,1.476248,0.3978802,2,-1,0
118333.6,0.3783338,1.769623,2,-1,0
118907.9,0.881482,0.2888496,2,-1,0
119526.9,0.5825808,76.79919,2,-1,0
119688.1,0.8612534,5.260219,2,-1,0
123133.3,0.9089265,0.37429,2,-1,0
123511.3,0.5319533,0.2527532,2,-1,0
125514.5,0.1597578,0.6286607,2,-1,0
128310.3,1.545426,374.7359,2,-1,0
128735.0,0.6453763,4.387804,2,-1,0
129107.1,0.457816,2.614864,2,-1,0
129177.8,6.328522,1.020015,2,-1,0
129590.4,0.09515877,32.03706,2,-1,0
131156.6,0.4390523,134.3901,2,-1,0
133035.2,0.6559173,266.7775,2,-1,0
133575.8,0.8463001,0.6326527,2,-1,0
133888.9,0.3609019,0.05301771,2,-1,0
135881.6,0.1091906,490.5564,2,-1,0
136776.0,0.3919334,349.7718,2,-1,0
138220.9,0.3567807,9.911322,2,-1,0
138533.0,0.3366472,4.450099,2,-1,0
138891.7,0.6156911,8.791202,2,-1,0
139109.5,0.3164897,0.3371391,2,-1,0
140470.5,0.8849371,172.042,2,-1,0
141638.2,0.8578548,123.068,2,-1,0
142110.9,0.4013293,22.13125,2,-1,0
145097.8,0.1153103,28.01901,2,-1,0
145179.5,0.8964851,8.820506,2,-1,0
145830.0,0.8544954,1.658086,2,-1,0
146972.0,1.394503,0.3502069,2,-1,0
148162.1,0.166075,24.8219,2,-1,0
149314.1,0.8411952,68.72373,2,-1,0
149555.2,0.3676055,0.5689719,2,-1,0
151304.2,0.2358122,0.6903547,2,-1,0
152150.9,0.5073628,77.62861,2,-1,0
153201.6,0.08179799,0.9485132,2,-1,0
154952.2,0.02973928,23.71096,2,-1,0
156531.9,0.07913081,1.023493,2,-1,0
156998.3,0.5254766,0.1989299,2,-1,0
158425.2,0.06822867,2.88421,2,-1,0
160107.8,0.4204484,23.02406,2,-1,0
162005.4,0.2732553,3.087065,2,-1,0
163229.2,0.2867947,40.00533,2,-1,0
163853.5,0.3150388,0.8909224,2,-1,0
165020.7,0.3161197,11.66861,2,-1,0
165469.6,1.141495,0.6321992,2,-1,0
166729.1,0.2897408,90.62178,2,-1,0
166950.6,1.650877,368.5227,2,-1,0
167640.6,0.03244508,1.297146,2,-1,0
168052.4,0.6450998,14.44292,2,-1,0
168937.9,0.0519151,6.861432,2,-1,0
170291.2,0.3363128,12.95,2,-1,0
171017.5,0.08084106,1.148554,2,-1,0
172693.3,0.1276093,0.8631707,2,-1,0
173100.3,0.5480988,1.914745,2,-1,0
173223.5,0.4923604,1.997044,2,-1,0
174509.7,7.005647,1.45467,2,-1,0
175941.8,0.05794318,16.39922,2,-1,0
178311.2,0.09252115,3.125099,2,-1,0
179735.1,1.635319,1.207641,2,-1,0
181739.7,0.04075305,1.143376,2,-1,0
183746.9,0.2843005,1.108413,2,-1,0
185435.8,1.29772,0.6624068,2,-1,0
187218.1,0.1132778,4.180394,2,-1,0
188930.7,0.1407986,0.665689,2,-1,0
190820.8,0.05358413,0.5558016,2,-1,0
192779.6,0.05998277,4.765144,2,-1,0
194309.7,1.117176,1.563304,2,-1,0
196343.2,0.6321679,2.700326,2,-1,0
197876.0,0.2447035,1.352042,2,-1,0
199310.7,0.1206327,0.9867547,2,-1,0
201878.3,0.01803559,1.356433,2,-1,0
203850.2,0.3656567,1.864355,2,-1,0
205235.2,0.2406066,1.114097,2,-1,0
207033.8,0.03995777,1.231421,2,-1,0
208862.3,0.07912071,1.185182,2,-1,0
210643.4,0.1211836,1.114945,2,-1,0
211940.4,0.2142691,0.6480298,2,-1,0
214123.4,0.4204949,1.41258,2,-1,0
216221.6,0.07081558,1.09141,2,-1,0
217785.1,0.8471984,1.73208,2,-1,0
219777.5,0.2231704,1.289928,2,-1,0
221656.7,0.2298467,1.166872,2,-1,0
223271.6,0.1038133,1.243654,2,-1,0
225000.0,0.04846467,1.271672,2,-1,0
226904.5,0.06486088,1.117807,2,-1,0
228445.3,0.07505909,1.431103,2,-1,0
230510.6,0.09349573,1.82576,2,-1,0
232292.7,0.2769169,0.9966863,2,-1,0
234379.4,0.4044786,1.150159,2,-1,0
235414.9,0.09588841,1.158516,2,-1,0
237700.8,0.2595002,1.561496,2,-1,0
239497.0,0.1590504,1.382128,2,-1,0
241394.8,0.0873686,2.355891,2,-1,0
243359.8,0.1119229,1.367281,2,-1,0
244849.6,0.2015868,1.269935,2,-1,0
246594.1,0.1919419,1.462955,2,-1,0
248643.3,0.1372332,0.864107,2,-1,0
250038.5,0.3370584,1.839532,2,-1,0
251967.4,0.3461905,1.09644,2,-1,0
253861.2,0.3821317,1.51853,2,-1,0
255808.6,2.004683,1.677598,2,-1,0
257255.4,0.1697004,1.160958,2,-1,0
259711.4,0.1791087,1.125032,2,-1,0
261031.8,0.21402,0.986695,2,-1,0
262830.1,0.1662103,1.100998,2,-1,0
264808.6,0.1635198,0.9056919,2,-1,0
266047.2,0.3698527,1.634898,2,-1,0
267986.1,0.1265725,0.9680475,2,-1,0
270150.7,0.5491177,1.19237,2,-1,0
272249.2,0.1785573,1.274869,2,-1,0
273529.8,0.2426094,1.146273,2,-1,0
275420.4,0.2039887,1.109223,2,-1,0
277765.0,0.08592071,1.298344,2,-1,0
279016.1,0.1412222,1.227562,2,-1,0
281216.8,0.1462485,1.022849,2,-1,0
283251.4,0.1374701,1.100527,2,-1,0
284189.1,0.1226909,1.813566,2,-1,0
286516.4,0.1473269,1.465196,2,-1,0
288460.0,0.08947258,0.9467386,2,-1,0
289376.0,0.5710299,1.130873,2,-1,0
291283.6,0.4970587,1.962409,2,-1,0
293359.1,0.1057839,1.31435,2,-1,0
295953.2,0.2161496,1.175438,2,-1,0
296985.7,0.07787237,1.097088,2,-1,0
299157.2,0.2851581,1.528985,2,-1,0
301310.0,1.089757,2005.552,2,-1,0
307684.9,0.5006144,54.40159,2,-1,0
316007.2,0.5006178,21.93201,2,-1,0
331673.5,0.5249574,48440.76,2,-1,0
2216.315,0.6310807,0.07586839,0,1,1
5249.626,1.247357,0.05522085,0,1,1
5502.73,0.3564631,0.0117938,0,1,1
12596.41,0.2696623,0.003276272,0,1,1
13050.44,0.4593978,0.26909,0,1,1
13499.68,0.2623501,0.0002521731,0,1,1
15910.99,0.2747902,4.360952,0,1,1
16609.19,0.433704,6.225134,0,1,1
17297.27,0.3132162,0.5293224,0,1,1
23511.38,0.3256819,0.3371434,0,1,1
23613.04,0.6429247,1.649819,0,1,1
24356.27,0.2792291,9.545729,0,1,1
26847.06,0.2576851,0.0008856725,0,1,1
27025.91,0.5390803,4.328942,0,1,1
30199.34,0.3688188,1.699702,0,1,1
32323.61,0.3671575,9.57935,0,1,1
34799.52,0.4113876,38.31529,0,1,1
38745.97,0.247195,0.4731384,0,1,1
39769.3,0.481303,1.067953,0,1,1
46258.01,0.6476307,1.915196,0,1,1
53950.13,0.309552,4.339948,0,1,1
54074.08,0.3253141,7.487848,0,1,1
55018.39,0.4548187,1.503367,0,1,1
55502.04,0.2520701,1.104226,0,1,1
55632.12,0.072633,0.7483276,0,1,1
55616.82,0.644598,18.18615,0,1,1
58149.35,0.2337541,2.854603,0,1,1
65078.09,0.3081018,123.7152,0,1,1
76076.8,0.01877801,0.4633729,0,1,1
76346.75,0.6638496,147.6587,0,1,1
77659.1,0.4842207,4.713207,0,1,1
77925.06,0.7058513,32.48171,0,1,1
78081.36,0.7752002,7.70039,0,1,1
81350.55,1.847418,51.48508,0,1,1
84163.74,0.1468086,3.480515,0,1,1
92178.98,0.06147814,68.99031,0,1,1
98395.65,1.35099,46.05702,0,1,1
109028.6,0.02431924,10.3939,0,1,1
125624.3,1.565308,58.16424,0,1,1
135713.2,2.00989,56.8395,0,1,1
138819.4,11.2169,549.6386,0,1,1
140647.6,1.975418,259.2391,0,1,1
143575.5,2.981076,207.688,0,1,1
146277.4,2.631263,82.77261,0,1,1
148598.1,1.762352,82.45727,0,1,1
152852.8,0.5181613,213.0088,0,1,1
156664.5,8.595621,58.20655,0,1,1
159593.8,7.016462,419.0958,0,1,1
162057.9,0.6535173,39.6181,0,1,1
164544.4,0.9076336,-5.322944,0,1,1
170542.8,1.853992,308.6662,0,1,1
172869.1,3.29293,49.48044,0,1,1
176867.0,18.86303,-212.5726,0,1,1
178828.6,18.6268,401.1385,0,1,1
181998.0,12.67226,551.6192,0,1,1
182401.4,0.7588561,34.40204,0,1,1
188022.8,15.20613,480.154,0,1,1
189196.7,0.7831215,4.342412,0,1,1
191063.5,0.2722802,17.85034,0,1,1
195592.4,3.784823,123.7276,0,1,1
198468.3,22.51219,1180.197,0,1,1
200148.7,3.790201,-0.1076677,0,1,1
202586.3,9.130174,446.7304,0,1,1
204994.2,4.633038,131.7387,0,1,1
207903.9,1.387813,85.3362,0,1,1
210571.7,2.157448,33.11284,0,1,1
213146.9,9.272002,78.57801,0,1,1
215236.8,9.13033,58.9342,0,1,1
219075.2,4.869524,48.20168,0,1,1
221737.3,24.5527,755.6863,0,1,1
223786.6,11.89126,253.0231,0,1,1
226556.9,2.483338,191.6347,0,1,1
229507.9,9.906545,111.0149,0,1,1
231007.3,1.969528,-20.52545,0,1,1
234887.0,4.921524,16.62426,0,1,1
237815.1,10.67003,19.34592,0,1,1
240484.1,30.46336,553.1003,0,1,1
242275.6,15.98796,201.8722,0,1,1
245107.5,7.09551,285.3425,0,1,1
248763.2,8.543611,584.0717,0,1,1
250842.8,6.695764,-20.59589,0,1,1
253209.7,10.85723,968.3491,0,1,1
256592.4,5.007806,255.9482,0,1,1
258867.8,6.587964,412.0241,0,1,1
260404.2,5.046645,33.19502,0,1,1
264218.7,8.407707,112.1456,0,1,1
268603.4,1.003998,741.7254,0,1,1
268762.0,1.15533,703.0707,0,1,1
272923.8,8.270726,1071.233,0,1,1
274523.6,5.838303,23.61969,0,1,1
278874.4,6.888594,283.5339,0,1,1
280166.1,4.096499,234.023,0,1,1
281652.8,6.432169,1104.945,0,1,1
286492.7,5.483726,2500.124,0,1,1
288988.0,30.68039,638.1966,0,1,1
290368.3,6.43,4264.173,0,1,1
294041.6,2.659335,2741.564,0,1,1
296616.2,11.94118,591.6334,0,1,1
298194.4,4.436942,68699.13,0,1,1
3811.148,0.1041912,0.001203147,1,1,1
5083.015,0.2295449,0.0006647071,1,1,1
7091.43,0.2745106,1.113973,1,1,1
12891.32,0.2785752,1.055001,1,1,1
12946.86,0.4506268,0.09022674,1,1,1
14053.26,0.3287141,0.315466,1,1,1
14576.05,0.3230895,1.276635,1,1,1
14848.66,0.6397616,0.008440246,1,1,1
15863.55,0.2002972,9.492086,1,1,1
17812.11,1.884234,0.03704862,1,1,1
19822.68,0.3084395,1.830412,1,1,1
21700.76,0.1584263,0.02430707,1,1,1
22053.83,0.3121815,1.947345,1,1,1
23104.51,0.3102405,0.6616679,1,1,1
23352.15,0.2801204,1.604544,1,1,1
23882.39,0.3397299,2.14931,1,1,1
25212.53,0.3245747,2.032882,1,1,1
26054.11,0.3267081,0.1411305,1,1,1
26421.27,0.3270543,0.2047818,1,1,1
27218.05,0.4101731,2.674478,1,1,1
27865.03,0.3201299,0.2503583,1,1,1
28101.89,0.3252217,0.1879419,1,1,1
28629.78,0.3136104,0.49023,1,1,1
29094.51,0.3171562,0.2324802,1,1,1
30776.41,0.4066688,0.05985862,1,1,1
31226.05,0.3008272,0.2808835,1,1,1
32349.69,0.317765,1.224322,1,1,1
34050.72,1.014565,0.04322964,1,1,1
34092.66,0.3494453,5.379865,1,1,1
34764.92,0.2819844,0.1474625,1,1,1
35269.23,4.317647,0.06564877,1,1,1
35470.41,0.3024501,0.1470674,1,1,1
35769.6,0.3025178,2.081863,1,1,1
38425.11,0.2730817,1.33958,1,1,1
38690.87,0.2988851,2.216795,1,1,1
39345.59,0.3588939,1.710765,1,1,1
40956.0,0.2766898,1.428095,1,1,1
42250.57,0.1671109,0.01965814,1,1,1
42348.91,0.2980725,0.174012,1,1,1
43739.07,0.2213839,1.041023,1,1,1
43919.62,0.4273988,3.778223,1,1,1
44071.08,0.4276756,4.575001,1,1,1
45038.45,13.0055,0.09938804,1,1,1
45563.24,0.1873865,0.5562768,1,1,1
45597.01,0.2352947,0.5510089,1,1,1
46339.45,0.4618788,0.04095244,1,1,1
47711.34,0.3326651,0.1052385,1,1,1
47843.23,0.4905492,21.06523,1,1,1
47975.32,8.518566,0.2184295,1,1,1
48199.63,0.2706202,4.86051,1,1,1
48345.89,12.75529,0.1279958,1,1,1
48648.16,0.9421535,0.2408186,1,1,1
49386.34,0.4011344,0.5312478,1,1,1
50000.0,0.4340516,1.316144,1,1,1
50241.34,0.02162938,0.4989485,1,1,1
50618.2,8.495622,0.1090032,1,1,1
50990.32,1.24203,0.03904089,1,1,1
51962.36,0.7343303,0.02790848,1,1,1
52523.29,0.3044334,0.5352692,1,1,1
53781.07,0.2688455,1.074474,1,1,1
55834.33,0.2434066,16.42442,1,1,1
55895.55,0.05280436,0.09245259,1,1,1
56358.8,0.191418,1.03638,1,1,1
57285.95,0.3833907,3.6051,1,1,1
57773.91,0.2319771,0.3147957,1,1,1
59987.6,0.164021,0.1201268,1,1,1
60619.13,0.2871782,1.984032,1,1,1
61632.39,0.3614917,3.336313,1,1,1
62239.79,0.4177041,2.56808,1,1,1
62703.99,0.2889656,4.951122,1,1,1
65234.04,0.4468597,7.899677,1,1,1
66748.94,0.3150593,3.938592,1,1,1
67339.78,0.2973599,5.329733,1,1,1
70581.62,0.2323076,7.082348,1,1,1
71370.98,0.1984901,3.997022,1,1,1
71875.94,0.3139356,2.04756,1,1,1
73568.68,0.209873,0.4265802,1,1,1
73811.84,0.4009309,1.600937,1,1,1
74181.26,0.327164,5.076875,1,1,1
75757.91,0.376,0.5658475,1,1,1
75996.53,0.3912265,0.2656463,1,1,1
77526.77,0.4538825,6.879313,1,1,1
82166.4,0.2512263,2.144938,1,1,1
83478.26,0.2478325,0.03903804,1,1,1
83571.48,0.2657648,2.901792,1,1,1
83831.46,0.204789,5.08102,1,1,1
84543.63,0.2478812,20.61906,1,1,1
85287.47,0.2971262,0.1234217,1,1,1
85420.52,0.3326537,0.2050454,1,1,1
85695.38,0.280983,0.3448306,1,1,1
88112.59,2.301675,0.03747136,1,1,1
88906.77,0.3376975,1.994951,1,1,1
89785.13,0.4084441,8.261849,1,1,1
89863.76,0.1683335,0.02019637,1,1,1
89983.11,0.4854453,83.63005,1,1,1
92523.73,0.510103,3.516633,1,1,1
93036.79,0.3916417,3.340136,1,1,1
93241.97,0.2371394,8.524829,1,1,1
94952.22,0.3535018,4.975775,1,1,1
95179.54,0.5478832,14.14974,1,1,1
95588.0,0.460411,21.7104,1,1,1
96523.97,0.08693956,4.095892,1,1,1
96983.39,0.4709564,1.884893,1,1,1
97979.72,1.68521,0.2071433,1,1,1
99328.06,0.6781168,2.539261,1,1,1
101474.4,0.2294522,6.316721,1,1,1
102114.7,0.7158283,12.02284,1,1,1
103249.1,0.4500844,7.204087,1,1,1
105130.9,2.093945,38.79897,1,1,1
107134.4,0.04672927,25.19987,1,1,1
107460.8,0.7477549,8.007785,1,1,1
110004.7,5.324765,0.1202059,1,1,1
111056.6,0.6693227,3.581652,1,1,1
111332.4,0.7547027,8.202845,1,1,1
112134.3,0.5061256,43.7254,1,1,1
112562.0,0.2864809,1.218074,1,1,1
113319.6,0.4556043,3.688218,1,1,1
114036.3,0.4621748,5.842663,1,1,1
120360.7,0.3643218,2.954989,1,1,1
122869.8,0.8067996,0.2369892,1,1,1
124240.2,0.5368824,120.2445,1,1,1
127971.3,0.1941592,11.40252,1,1,1
128170.9,0.1192309,0.8618893,1,1,1
128256.4,0.1827355,59.49059,1,1,1
129551.8,0.5424076,4.944436,1,1,1
130498.4,0.2072816,4.851759,1,1,1
133474.3,0.6382294,2.171661,1,1,1
135939.2,0.04070402,131.067,1,1,1
140026.3,0.3638662,10.51255,1,1,1
143193.4,0.3737912,4.096887,1,1,1
144219.0,0.4305794,23.57891,1,1,1
146626.6,0.3071928,1.634941,1,1,1
148662.8,0.05749554,0.3633048,1,1,1
149647.3,0.1095235,0.3398626,1,1,1
151372.8,0.2982208,0.3130102,1,1,1
152298.1,0.3411913,0.4127604,1,1,1
153265.4,0.3856316,0.3532768,1,1,1
154178.0,0.1162422,0.2924551,1,1,1
155166.0,0.02939567,0.5256151,1,1,1
156093.1,0.07478996,0.3492366,1,1,1
156855.1,0.2583906,0.3594647,1,1,1
157877.0,0.05352889,0.3275523,1,1,1
158830.9,0.2875692,0.3725438,1,1,1
159569.4,0.1285963,0.3241257,1,1,1
160522.7,0.2963945,0.3513414,1,1,1
164207.1,0.1423152,0.3461798,1,1,1
165090.1,1.02736,0.3485723,1,1,1
166043.3,0.1402748,0.3463206,1,1,1
167300.5,0.2089645,0.4072255,1,1,1
168050.9,0.135766,0.337351,1,1,1
169155.5,0.1470095,0.3823525,1,1,1
170695.0,0.1850883,0.3847598,1,1,1
171584.7,0.180202,0.3626095,1,1,1
173391.5,1.133658,0.3212336,1,1,1
174857.6,1.00917,0.3140784,1,1,1
175663.2,0.5526721,0.3141226,1,1,1
176594.5,0.6991695,0.4028994,1,1,1
177294.1,0.5763605,0.3889993,1,1,1
177596.5,0.3087145,0.2637983,1,1,1
179019.9,0.03858453,0.42288,1,1,1
180170.6,0.3528766,0.3525296,1,1,1
181154.6,0.6019955,0.463467,1,1,1
181675.1,0.04652138,0.3097219,1,1,1
183159.2,0.1785476,0.379717,1,1,1
183371.6,0.1114249,0.3417886,1,1,1
184568.7,0.1943957,0.4635683,1,1,1
185333.6,2.011557,0.3580715,1,1,1
186082.8,0.3284565,0.318138,1,1,1
187253.4,0.4119819,0.4083583,1,1,1
188219.8,0.08806483,0.35361,1,1,1
188989.0,0.24995,0.3405409,1,1,1
190285.8,0.2496708,0.3696605,1,1,1
190898.6,0.03722744,0.3190961,1,1,1
192219.8,0.5516601,0.3574769,1,1,1
192949.8,0.4622871,0.3971966,1,1,1
193499.6,1.300127,0.3851533,1,1,1
194390.7,0.6218623,0.3673216,1,1,1
195462.8,0.07650177,0.3519683,1,1,1
195854.6,0.2671509,0.3735274,1,1,1
197613.6,0.1814311,0.3678196,1,1,1
198242.0,0.1814375,0.3691173,1,1,1
199142.8,0.09020746,0.3636497,1,1,1
199349.1,0.2675734,0.3516058,1,1,1
201206.6,1.511315,0.383544,1,1,1
202122.5,0.05254442,0.3642193,1,1,1
202875.8,0.1830206,0.3636002,1,1,1
204151.8,0.6481037,0.3727556,1,1,1
204635.8,0.1046897,0.3591985,1,1,1
205892.7,1.125885,0.3880042,1,1,1
206753.8,0.2329109,0.3598502,1,1,1
207500.7,0.4978355,0.3558948,1,1,1
208363.6,0.2462392,0.3537921,1,1,1
209300.1,0.9639639,0.3818326,1,1,1
210350.7,0.2685631,0.3494859,1,1,1
210987.7,0.09114405,0.3576307,1,1,1
212082.1,0.1044619,0.3121653,1,1,1
212786.0,0.2445221,0.3544428,1,1,1
213882.0,0.1698211,0.3661809,1,1,1
214922.1,0.4146812,0.3706561,1,1,1
215680.7,0.2050156,0.3311466,1,1,1
216715.9,0.3180264,0.353581,1,1,1
217800.8,0.5521708,0.4026092,1,1,1
218553.8,0.3104361,0.3748027,1,1,1
219537.4,1.077276,0.3852713,1,1,1
220605.3,0.2165211,0.3551748,1,1,1
221239.7,0.6438646,0.3625622,1,1,1
222220.4,0.2367466,0.3700115,1,1,1
223239.8,0.1996937,0.3550961,1,1,1
223716.5,0.05693938,0.3454654,1,1,1
225092.9,0.1941683,0.3580042,1,1,1
225955.3,1.743147,0.3902416,1,1,1
226681.7,0.03353973,0.3626126,1,1,1
227667.9,0.9067691,0.3463889,1,1,1
228779.3,0.1601854,0.3582152,1,1,1
229452.3,0.1884288,0.3672971,1,1,1
230717.7,0.06891088,0.3729924,1,1,1
231320.0,0.4209827,0.3507554,1,1,1
232324.3,0.3162741,0.3654344,1,1,1
233537.1,0.2804132,0.3583975,1,1,1
233944.3,1.492515,0.3781165,1,1,1
235274.0,0.2066824,0.3591497,1,1,1
235892.6,1.823989,0.3758909,1,1,1
236843.8,0.4665258,0.3452918,1,1,1
238139.0,0.1569771,0.3811963,1,1,1
238643.3,0.7219533,0.3567545,1,1,1
239760.8,0.283091,0.337987,1,1,1
240545.5,0.07684035,0.4005368,1,1,1
241388.1,0.1745755,0.3570364,1,1,1
242395.2,0.2283017,0.3665565,1,1,1
243794.7,0.3005704,0.367483,1,1,1
244076.9,0.3415043,0.3500913,1,1,1
245331.6,0.2274022,0.3538105,1,1,1
245984.0,0.327898,0.3655876,1,1,1
246861.1,0.3492995,0.3613937,1,1,1
247508.0,0.2175262,0.3692802,1,1,1
249044.9,0.2323909,0.3671108,1,1,1
250116.5,0.3529333,0.3656948,1,1,1
250888.3,0.2702463,0.3723362,1,1,1
251608.7,0.2849711,0.4008505,1,1,1
252358.0,0.2815143,0.364211,1,1,1
253437.2,0.403959,0.3542727,1,1,1
254339.2,0.2153815,0.3505151,1,1,1
255273.3,0.2727455,0.3587639,1,1,1
256337.3,0.1918932,0.3843185,1,1,1
257094.2,0.2811917,0.3569561,1,1,1
258223.2,0.3753491,0.3569959,1,1,1
258863.6,0.206816,0.3832831,1,1,1
260506.0,0.3542947,0.3936759,1,1,1
260717.4,0.3599396,0.3802892,1,1,1
261738.7,0.2647549,0.3598448,1,1,1
262705.0,0.2773459,0.3685757,1,1,1
263641.3,0.2713466,0.3560614,1,1,1
264422.5,0.3256005,0.3609681,1,1,1
265765.8,0.4885993,0.3641816,1,1,1
266193.7,0.4093609,0.3619111,1,1,1
267388.6,0.2550325,0.3991699,1,1,1
267905.7,0.2419953,0.363377,1,1,1
269195.3,0.2691165,0.3619103,1,1,1
269932.0,0.6463042,0.364344,1,1,1
270959.6,0.2627365,0.3673465,1,1,1
271687.0,0.2507843,0.3567035,1,1,1
273157.1,0.2247553,0.3629505,1,1,1
273622.8,0.3582745,0.3621268,1,1,1
274620.2,0.2261721,0.3910743,1,1,1
275523.4,0.2921819,0.3599541,1,1,1
276271.6,0.4907304,0.3866803,1,1,1
277223.9,0.7836912,0.3739758,1,1,1
278517.1,0.3504209,0.384563,1,1,1
278806.7,0.338368,0.4078665,1,1,1
280009.0,0.2751845,0.3782347,1,1,1
281392.8,0.2509323,0.3500045,1,1,1
281753.9,0.3687217,0.3539427,1,1,1
283168.7,0.2225548,0.3553894,1,1,1
283797.7,0.3226745,0.3673404,1,1,1
285814.0,0.2716858,0.3651672,1,1,1
286300.6,0.2521499,0.3626797,1,1,1
287153.1,0.423106,0.3821135,1,1,1
287589.0,0.3079218,0.3650403,1,1,1
288387.9,0.1820209,0.3490439,1,1,1
289483.9,0.6361623,0.3893699,1,1,1
289900.3,0.2839345,0.3490775,1,1,1
291376.0,0.6548008,0.4077032,1,1,1
292648.9,0.4913694,0.4062276,1,1,1
292707.9,0.5235734,0.4013334,1,1,1
293992.4,0.1993189,0.3561761,1,1,1
295084.8,0.2787264,0.3746267,1,1,1
295704.6,0.4269014,0.3826374,1,1,1
296552.8,0.3299419,0.362439,1,1,1
297991.4,0.5703027,0.4256446,1,1,1
298396.4,0.6088585,0.3557493,1,1,1
299390.3,0.36975,0.4133072,1,1,1
10541.17,0.9495851,0.003478491,2,1,1
10629.42,0.7238773,0.004677792,2,1,1
12556.74,0.3346382,4.573265,2,1,1
14434.06,1.257909,0.007005253,2,1,1
16077.9,0.2582304,0.3734649,2,1,1
19366.24,0.6972848,0.005591445,2,1,1
21746.47,0.295114,0.8019434,2,1,1
23295.79,0.3321774,0.3336438,2,1,1
28760.75,2.846824,0.01942533,2,1,1
31159.74,0.3205514,0.2740883,2,1,1
32865.83,0.3632195,0.2725351,2,1,1
34274.23,0.3221038,0.3965234,2,1,1
34453.63,0.2939833,0.7285821,2,1,1
39419.23,0.4142855,3.741511,2,1,1
40660.89,0.2974066,13.03358,2,1,1
41437.82,4.898272,0.0341708,2,1,1
42134.65,0.3345824,0.09339446,2,1,1
42557.03,0.3236656,0.1344782,2,1,1
44084.81,0.1958805,0.1347165,2,1,1
45171.44,0.390281,3.829886,2,1,1
48246.16,0.3131001,0.2631377,2,1,1
52162.79,0.3732417,0.1078166,2,1,1
55578.29,0.3489304,10.93358,2,1,1
57140.8,1.001246,0.09231381,2,1,1
57653.73,0.3100971,5.30299,2,1,1
58814.72,0.2860715,0.7128701,2,1,1
60494.17,0.3507577,5.373514,2,1,1
61274.63,4.007037,0.04990194,2,1,1
62078.36,0.3577613,3.402263,2,1,1
68133.9,0.3115446,4.317241,2,1,1
69047.83,0.3413782,1.298183,2,1,1
69941.63,0.3154204,3.694126,2,1,1
70040.62,0.2780715,1.513751,2,1,1
70612.61,0.8055721,0.07474275,2,1,1
74867.82,0.3629278,6.18033,2,1,1
75605.51,0.2420376,0.7360801,2,1,1
76251.83,0.2472875,0.5383262,2,1,1
77752.81,0.2045755,2.841876,2,1,1
79217.56,0.3209426,2.532206,2,1,1
79427.73,0.3655761,0.1286031,2,1,1
79564.42,0.1964013,0.8911918,2,1,1
80796.05,0.1975247,0.9482535,2,1,1
81395.57,0.647214,12.33551,2,1,1
82886.6,0.3302433,5.339122,2,1,1
83174.2,0.3199416,4.122234,2,1,1
85204.32,0.2945974,0.7647111,2,1,1
85487.23,0.3414115,0.02898046,2,1,1
85871.73,0.3127532,8.047166,2,1,1
87403.17,0.2791387,13.39129,2,1,1
88056.43,0.2685915,3.441064,2,1,1
89064.14,0.3156955,0.1258758,2,1,1
90901.16,0.406297,0.4476467,2,1,1
94017.96,0.4992396,0.2472989,2,1,1
95858.65,0.2318732,13.1419,2,1,1
97071.47,19.22013,0.07953347,2,1,1
97860.77,0.245229,1.928694,2,1,1
99423.18,2.376905,0.1373893,2,1,1
99587.97,0.2819337,0.07715098,2,1,1
100295.6,0.3833909,0.5634445,2,1,1
100612.4,0.4329606,6.502063,2,1,1
101102.1,0.5031057,9.956902,2,1,1
102563.2,0.396216,16.76794,2,1,1
105993.5,0.3781246,0.1259883,2,1,1
106169.5,0.4394167,0.1973846,2,1,1
108328.4,0.003268943,0.04076165,2,1,1
109193.8,0.3734291,5.790409,2,1,1
113155.0,0.4269045,4.098113,2,1,1
113533.6,0.4640939,1.442997,2,1,1
113704.0,0.3706501,1.666552,2,1,1
113865.2,0.3561103,0.546005,2,1,1
116022.2,0.5857444,3.51154,2,1,1
121697.8,0.3313894,4.399952,2,1,1
121829.5,0.6094527,0.7536387,2,1,1
122397.5,0.3155953,4.954481,2,1,1
123084.7,0.5403979,0.1598659,2,1,1
124727.9,0.3620638,1.412124,2,1,1
124907.3,0.2474487,0.1270906,2,1,1
125950.9,0.43316,5.320288,2,1,1
126183.6,0.3793405,11.00452,2,1,1
126412.5,0.2048616,2.62706,2,1,1
126884.5,0.05479116,1.997112,2,1,1
130231.4,0.4716381,0.1631009,2,1,1
130417.7,0.4828452,1.891575,2,1,1
134139.5,0.4152132,9.990438,2,1,1
134440.3,0.3499721,0.5307897,2,1,1
134546.4,0.4394343,1.274267,2,1,1
139862.3,0.4252036,8.854035,2,1,1
141545.3,0.06314396,2.675175,2,1,1
142045.4,1.052347,50.3454,2,1,1
142747.8,0.5286057,7.166843,2,1,1
143644.4,0.2888774,10.09404,2,1,1
145049.7,0.7930654,14.68274,2,1,1
147617.6,0.0831638,0.8777696,2,1,1
147683.4,0.8061648,0.9953359,2,1,1
148374.8,0.2734386,17.65321,2,1,1
148761.8,0.3535267,4.252134,2,1,1
153713.1,0.6014748,0.3067279,2,1,1
156178.9,0.5180905,12.83221,2,1,1
158473.3,0.1731954,0.4637356,2,1,1
158882.8,0.07617716,0.2469966,2,1,1
159030.5,0.1070573,0.4037327,2,1,1
160272.9,0.5823989,6.651661,2,1,1
160445.7,0.4460344,5.488037,2,1,1
160748.2,0.5487142,2.531001,2,1,1
160983.8,0.2584466,4.491539,2,1,1
161116.1,0.361006,0.1691126,2,1,1
164242.5,0.1387776,2.693625,2,1,1
164800.8,0.3406249,4.023349,2,1,1
166221.1,0.3822421,2.38681,2,1,1
166426.1,0.439389,10.26966,2,1,1
168971.4,0.1342804,7.263587,2,1,1
169202.3,1.56704,79.85104,2,1,1
171678.1,0.2443117,4.428986,2,1,1
171791.3,0.450149,1.322698,2,1,1
172409.5,0.02255097,3.79113,2,1,1
175073.6,0.0318596,0.2687905,2,1,1
181081.0,0.5700395,9.982741,2,1,1
182855.6,0.4493112,22.90914,2,1,1
188036.4,0.2288021,0.08514425,2,1,1
188087.4,0.0382911,19.15291,2,1,1
188429.9,0.2855828,0.0892567,2,1,1
188813.2,1.305713,0.3414749,2,1,1
193710.5,0.3407954,7.069569,2,1,1
193888.6,0.5437558,6.737748,2,1,1
194374.3,0.4139232,25.56873,2,1,1
195916.8,0.4322905,4.417938,2,1,1
197463.5,0.2385796,7.527612,2,1,1
198852.1,0.08577933,10.31607,2,1,1
200361.2,0.4287235,5.367724,2,1,1
202119.7,0.05126108,48.17806,2,1,1
203594.3,1.546711,72.85715,2,1,1
205367.4,0.1626806,73.35917,2,1,1
206773.1,0.7533025,22.35935,2,1,1
208382.0,1.011281,7.691056,2,1,1
209923.7,0.1790534,4.739797,2,1,1
211417.4,1.550704,8.018907,2,1,1
212895.2,0.668043,9.494538,2,1,1
214578.3,2.180262,26.64283,2,1,1
216210.1,0.1649355,14.81912,2,1,1
217413.4,1.483479,19.20124,2,1,1
219237.0,0.3302171,7.645477,2,1,1
220720.5,0.06880728,4.754955,2,1,1
222382.5,0.2997466,14.82399,2,1,1
224858.8,2.114151,91.89387,2,1,1
225461.1,0.8711303,5.09491,2,1,1
227302.6,0.5452747,13.68748,2,1,1
228655.2,0.171118,30.9801,2,1,1
230433.1,1.596788,6.462936,2,1,1
231786.1,2.155172,102.2739,2,1,1
233545.5,2.314125,13.8791,2,1,1
234788.8,0.1039737,34.33507,2,1,1
236354.2,0.9762802,9.251085,2,1,1
237947.4,0.06815111,58.64659,2,1,1
239720.8,1.410541,3.581342,2,1,1
241483.6,0.08235824,13.17857,2,1,1
243301.4,1.416058,100.5934,2,1,1
244379.1,1.592822,16.07175,2,1,1
245732.3,0.2373555,22.06679,2,1,1
247552.9,0.8340537,23.98003,2,1,1
248913.2,0.8734898,47.5284,2,1,1
250251.4,1.231648,121.44,2,1,1
252469.1,1.135697,30.63481,2,1,1
254412.9,0.7688368,151.7647,2,1,1
255153.2,1.374195,42.19503,2,1,1
256948.2,0.5685685,29.96967,2,1,1
258527.2,1.835922,82.65352,2,1,1
259964.0,0.7670182,31.16111,2,1,1
261654.8,0.9579827,34.89517,2,1,1
263118.4,0.4395182,19.3491,2,1,1
264997.2,0.6222605,0.01717921,2,1,1
266417.9,1.280958,97.44159,2,1,1
268088.6,0.8214796,41.68962,2,1,1
268989.9,0.3458071,50.59704,2,1,1
271255.3,0.4707185,49.66082,2,1,1
272360.7,0.8774306,144.4692,2,1,1
274152.1,0.7665586,19.34218,2,1,1
276112.5,1.656585,18.70248,2,1,1
277618.6,2.271911,77.01497,2,1,1
278265.8,0.6383477,43.65306,2,1,1
280881.0,0.4172367,36.63043,2,1,1
282347.2,1.932139,76.10751,2,1,1
283158.5,0.5104937,333.5508,2,1,1
284549.0,0.8939622,358.4322,2,1,1
286252.7,0.8674606,53.05925,2,1,1
288049.0,0.06146599,12.44581,2,1,1
290049.8,1.606722,236.9498,2,1,1
290807.9,1.025026,129.3033,2,1,1
293168.7,2.84435,224.2921,2,1,1
294926.0,0.6673702,170.8699,2,1,1
296155.9,4.323976,447.3565,2,1,1
297434.0,0.1081205,450.5431,2,1,1
298987.8,1.218805,41.08667,2,1,1
401.823,0.03094839,0.0001641969,3,1,1
8373.473,0.2327139,5.926547,3,1,1
9352.306,0.2569596,2.21691e-05,3,1,1
11983.33,0.2140659,0.001509207,3,1,1
16326.57,0.2651633,11.10242,3,1,1
18041.96,0.3183653,0.007753577,3,1,1
20169.62,0.2586261,0.002525619,3,1,1
20799.43,0.2792597,0.005684603,3,1,1
24105.74,0.2409355,0.003360115,3,1,1
25947.25,0.403264,7.890722,3,1,1
26324.53,0.2473256,0.003620313,3,1,1
29564.66,0.03922404,0.01932065,3,1,1
36754.15,0.1206119,0.05158718,3,1,1
37888.83,7.639663,0.08470553,3,1,1
38058.12,0.04799543,0.02254672,3,1,1
40259.27,0.3595279,11.94585,3,1,1
40453.8,0.4173902,0.0151099,3,1,1
41137.83,4.84797,0.04854535,3,1,1
41640.92,0.2779497,0.05841576,3,1,1
46606.52,0.3198731,4.063067,3,1,1
47414.89,0.443301,9.756937,3,1,1
53162.76,0.316619,21.43926,3,1,1
53172.67,0.2913341,5.198529,3,1,1
59492.99,0.4250624,0.3296454,3,1,1
60267.22,12.21734,0.07914917,3,1,1
61193.25,1.196133,0.04836763,3,1,1
63323.12,0.3241264,8.527676,3,1,1
63916.16,1.046755,0.04532397,3,1,1
63959.96,2.248456,0.05857861,3,1,1
64308.02,0.6637415,0.1157376,3,1,1
65110.58,0.276457,2.795956,3,1,1
66932.1,0.2756437,14.68288,3,1,1
68753.23,0.2978775,0.2371656,3,1,1
68984.79,2.503495,0.1232409,3,1,1
69774.21,0.4142741,17.00539,3,1,1
72791.57,0.1895871,0.5587046,3,1,1
75431.76,0.5674981,0.1316416,3,1,1
76322.22,0.2445398,4.270899,3,1,1
77084.18,0.3444387,0.196619,3,1,1
77604.07,0.3470125,0.280602,3,1,1
78898.58,0.4667841,0.451166,3,1,1
80042.25,4.755322,0.07476293,3,1,1
82675.05,0.2753744,1.519474,3,1,1
84555.9,0.7454012,0.08324071,3,1,1
87723.39,0.2284789,0.06571022,3,1,1
88237.05,0.2360552,0.3739406,3,1,1
93620.71,0.3477045,9.338612,3,1,1
93709.72,0.4959568,3.670098,3,1,1
96666.48,0.3945395,3.603753,3,1,1
99461.62,0.3209754,1.00202,3,1,1
104062.4,0.3501683,7.529038,3,1,1
104157.0,0.517462,3.852873,3,1,1
104246.5,0.3135472,2.5501,3,1,1
108757.6,0.1044671,0.710684,3,1,1
109109.3,0.1842617,0.03868607,3,1,1
110180.9,0.4318814,6.29488,3,1,1
110280.5,0.4327457,6.376007,3,1,1
110615.9,0.2822698,4.3725,3,1,1
110747.2,0.5561878,3.503782,3,1,1
116793.4,0.3859562,16.63492,3,1,1
117842.7,0.4173976,3.330791,3,1,1
119315.4,0.4235003,2.669552,3,1,1
121210.3,0.5996407,1.165524,3,1,1
122489.1,0.5567917,5.431454,3,1,1
122626.8,3.532726,0.144485,3,1,1
126518.3,0.30386,0.1625543,3,1,1
128319.7,0.1835636,0.5237524,3,1,1
131554.3,0.4957303,0.7225739,3,1,1
131689.0,0.4194203,2.56809,3,1,1
131934.7,0.6111403,0.3522235,3,1,1
132239.9,1.127216,0.6624819,3,1,1
132294.7,1.046152,0.40378,3,1,1
132364.0,1.703934,0.2535838,3,1,1
132417.4,3.252679,0.1721486,3,1,1
139239.3,0.3349103,2.766292,3,1,1
140501.2,0.3724857,3.14525,3,1,1
142601.6,0.3263598,9.310311,3,1,1
143315.2,0.2394706,4.761959,3,1,1
143746.2,0.5028291,12.67895,3,1,1
143914.1,0.2531807,7.899915,3,1,1
144548.6,0.3397052,0.4322882,3,1,1
146467.8,0.3707023,0.6253689,3,1,1
146722.3,0.5234347,1.252635,3,1,1
149687.4,0.3895776,44.99788,3,1,1
149899.0,0.5629994,1.726893,3,1,1
150950.0,0.3129362,0.06789434,3,1,1
151332.1,0.458691,0.2549011,3,1,1
151584.9,0.5650812,0.1882041,3,1,1
151865.7,0.5605248,0.2688885,3,1,1
152937.7,0.4359261,0.1172447,3,1,1
154471.5,0.4801536,0.5405067,3,1,1
155590.0,2.473285,0.2855668,3,1,1
157172.8,0.3688332,3.450819,3,1,1
158970.2,0.1229182,0.2812987,3,1,1
159585.3,0.08274,4.40064,3,1,1
159731.0,0.3264231,3.252598,3,1,1
163378.1,0.2392904,12.22163,3,1,1
163575.2,0.473811,22.67943,3,1,1
163866.1,0.2749908,8.622506,3,1,1
166079.0,0.08553635,0.3033853,3,1,1
171476.5,0.6576783,0.2256606,3,1,1
172612.2,0.5886628,0.6300709,3,1,1
175230.5,0.2292344,3.305215,3,1,1
176901.5,0.06983713,12.23934,3,1,1
177851.2,0.6346888,1.499814,3,1,1
178792.6,0.1000785,0.7104677,3,1,1
178816.2,0.1311335,66.94361,3,1,1
179374.7,0.2274022,40.45009,3,1,1
179951.0,0.2944881,6.945248,3,1,1
181131.9,0.1540931,62.83284,3,1,1
182065.0,0.01290266,0.2759719,3,1,1
183093.3,0.1146913,0.2021186,3,1,1
183327.0,0.0271836,1.018812,3,1,1
183488.6,0.2011964,3.485846,3,1,1
183895.1,0.2623426,0.2571666,3,1,1
187744.9,0.006109884,12.80318,3,1,1
188705.7,0.03672313,14.00072,3,1,1
189519.9,0.5712603,11.98873,3,1,1
189635.9,0.4033786,0.1369165,3,1,1
190499.3,0.3328592,1.289944,3,1,1
190508.5,0.5560957,25.68191,3,1,1
190651.7,0.2680586,2.079593,3,1,1
191893.3,0.4652018,0.06859795,3,1,1
194690.1,1.28362,90.70152,3,1,1
197971.2,0.4134419,12.08338,3,1,1
198214.8,0.5265822,7.569976,3,1,1
198566.1,0.2934152,28.09647,3,1,1
201015.1,0.003823403,1.355383,3,1,1
202899.5,0.9848051,62.55112,3,1,1
204554.7,0.5129192,27.72901,3,1,1
206373.7,0.8632697,116.2402,3,1,1
208682.7,0.2439536,3.191053,3,1,1
210807.1,0.05714807,4.112678,3,1,1
212617.7,0.290027,5.866945,3,1,1
214859.5,0.2755546,54.96189,3,1,1
216842.7,0.09830118,5.227754,3,1,1
218919.3,0.1433581,37.79567,3,1,1
220932.3,0.03419933,4.289753,3,1,1
223033.2,0.4058053,9.906155,3,1,1
225001.8,0.001504488,83.2791,3,1,1
226935.1,0.08479141,15.7878,3,1,1
228955.2,0.04750118,23.77328,3,1,1
230985.9,0.07272226,10.22517,3,1,1
233042.1,0.7264972,176.6464,3,1,1
235182.2,0.08440438,53.3258,3,1,1
237146.2,0.7288985,5.765012,3,1,1
239513.5,0.5295033,6.223522,3,1,1
240917.4,0.2549917,22.08542,3,1,1
243401.8,0.2854587,9.135891,3,1,1
245275.5,0.3973584,86.47754,3,1,1
247200.7,0.3890194,30.07837,3,1,1
249358.1,0.1114585,139.9397,3,1,1
251375.4,0.2668277,100.9166,3,1,1
253203.1,0.1054351,4.062129,3,1,1
255295.4,0.9188766,23.59194,3,1,1
257488.4,0.5359324,42.44355,3,1,1
259266.2,0.2222341,158.9623,3,1,1
261208.5,1.380469,58.50208,3,1,1
263406.7,0.9327099,37.04054,3,1,1
266519.8,0.1471511,151.4194,3,1,1
267629.1,0.377572,-31.6335,3,1,1
269342.9,0.5904563,71.74086,3,1,1
271712.5,0.6718501,6.500211,3,1,1
273279.9,0.2978478,54.30145,3,1,1
275653.3,0.498073,5.708518,3,1,1
277668.4,0.195972,28.09405,3,1,1
279546.6,0.8834097,25.83948,3,1,1
281354.5,1.320771,141.8919,3,1,1
283889.9,0.3513922,77.10906,3,1,1
285395.9,2.377019,424.8465,3,1,1
288726.8,2.18197,500.4198,3,1,1
290374.6,0.7176562,191.7539,3,1,1
292221.1,1.286249,270.1896,3,1,1
293742.8,0.1805202,50.39648,3,1,1
295248.1,0.2459478,220.7796,3,1,1
298862.3,1.985312,1163.131,3,1,1
300633.6,0.6065143,909.9094,3,1,1
