energy,Th233 + photon [inclusive] width,n + Th232 width,J,Pi,L
-2000.0,0.0244,32.27563,0.5,1,0
-101.0,0.0244,0.007000853,0.5,1,0
-84.0,0.0244,0.006095349,0.5,1,0
-71.0,0.0244,0.00551228,0.5,1,0
-54.0,0.0244,0.004331477,0.5,1,0
-37.0,0.0244,0.004077662,0.5,1,0
-20.0,0.0244,0.01301616,0.5,1,0
-3.517679,0.0244,0.001409925,0.5,1,0
21.80862,0.02582214,0.002033481,0.5,1,0
23.46737,0.02676498,0.003768766,0.5,1,0
59.53021,0.02376185,0.003779468,0.5,1,0
69.24304,0.02369753,0.04295542,0.5,1,0
113.0554,0.02421786,0.01277753,0.5,1,0
120.8919,0.02347993,0.02185014,0.5,1,0
129.2148,0.03055335,0.003147192,0.5,1,0
145.8759,0.0244,8.688e-05,0.5,1,0
154.3897,0.0244,0.0002066,0.5,1,0
170.4241,0.02448249,0.05971466,0.5,1,0
192.7613,0.02295812,0.016,0.5,1,0
199.4464,0.02322924,0.009541527,0.5,1,0
219.5499,0.0244,4.985e-05,0.5,1,0
221.3288,0.02397516,0.02924781,0.5,1,0
251.6888,0.02416274,0.03098764,0.5,1,0
263.2801,0.022276,0.02131509,0.5,1,0
285.9711,0.02288289,0.0303394,0.5,1,0
305.6895,0.02297922,0.02829824,0.5,1,0
309.5427,0.02442691,5.807815e-05,0.5,1,0
329.1626,0.02426067,0.0737623,0.5,1,0
342.0669,0.02156438,0.03802308,0.5,1,0
365.437,0.02134441,0.02503944,0.5,1,0
369.5666,0.02300549,0.02465291,0.5,1,0
401.1862,0.02229411,0.01069251,0.5,1,0
402.9778,0.02439892,0.000140831,0.5,1,0
421.1141,0.0244,0.0005454,0.5,1,0
454.5864,0.0244,0.001061,0.5,1,0
462.8547,0.02298127,0.06296935,0.5,1,0
489.1534,0.02303433,0.0580686,0.5,1,0
510.762,0.0244,0.003742689,0.5,1,0
528.9117,0.02332572,0.01395837,0.5,1,0
540.6533,0.0244,0.001086,0.5,1,0
570.2529,0.02283414,0.02705826,0.5,1,0
594.5039,0.02440388,0.000126873,0.5,1,0
598.6917,0.02093188,0.01061792,0.5,1,0
618.3369,0.02743675,0.004948537,0.5,1,0
657.1181,0.02398573,0.04726427,0.5,1,0
665.7784,0.02226949,0.02552122,0.5,1,0
675.6958,0.0236402,0.2076002,0.5,1,0
687.9979,0.02306244,0.05152339,0.5,1,0
700.0,0.0244,0.0005,0.5,1,0
701.6342,0.0270964,0.01349278,0.5,1,0
713.4111,0.02242542,0.02724114,0.5,1,0
724.9811,0.0244,0.0001204,0.5,1,0
741.6537,0.02415856,0.1899387,0.5,1,0
779.2803,0.0244,0.013372,0.5,1,0
804.8434,0.02182949,0.1780552,0.5,1,0
829.808,0.0244,0.0002256,0.5,1,0
837.3918,0.0244,0.001467,0.5,1,0
842.9567,0.02404171,0.02671625,0.5,1,0
866.9234,0.02157259,0.01401081,0.5,1,0
890.761,0.02322434,0.03818973,0.5,1,0
907.1484,0.0244,0.001716,0.5,1,0
907.7796,0.0244,0.0004342,0.5,1,0
928.2686,0.0244,0.0002763,0.5,1,0
943.9318,0.02387872,0.04638801,0.5,1,0
963.4183,0.02225211,0.007961098,0.5,1,0
983.691,0.02531303,0.03481323,0.5,1,0
991.2696,0.02351918,0.0968947,0.5,1,0
1011.307,0.02397674,0.1210875,0.5,1,0
1031.22,0.0244,0.0002146,0.5,1,0
1039.918,0.02593663,0.009465108,0.5,1,0
1065.294,0.02519075,0.006198727,0.5,1,0
1078.059,0.0252668,0.008662626,0.5,1,0
1093.965,0.0244,0.002068,0.5,1,0
1110.75,0.02321947,0.02778258,0.5,1,0
1121.434,0.0244,0.003757,0.5,1,0
1139.788,0.02426073,0.01883494,0.5,1,0
1151.277,0.02418452,0.01895522,0.5,1,0
1195.458,0.02443875,0.008804476,0.5,1,0
1218.479,0.02441539,0.0003383927,0.5,1,0
1228.969,0.02475573,0.03486515,0.5,1,0
1244.29,0.02108599,0.0195726,0.5,1,0
1249.865,0.02318093,0.1274641,0.5,1,0
1270.548,0.02677402,0.02197753,0.5,1,0
1293.232,0.02288141,0.1005323,0.5,1,0
1302.705,0.02307082,0.0459866,0.5,1,0
1336.046,0.0244,0.002702,0.5,1,0
1355.943,0.02165607,0.07874973,0.5,1,0
1361.064,0.02411865,0.005511609,0.5,1,0
1379.185,0.0224585,0.04900862,0.5,1,0
1399.026,0.02514985,0.1386365,0.5,1,0
1427.956,0.02282665,0.1126856,0.5,1,0
1434.891,0.02379864,0.03924885,0.5,1,0
1441.781,0.0244,0.000939,0.5,1,0
1461.915,0.0244,0.00143,0.5,1,0
1479.718,0.0244,0.001951,0.5,1,0
1509.298,0.0244,0.002491,0.5,1,0
1520.072,0.02392414,0.2008013,0.5,1,0
1525.602,0.02394055,0.2130629,0.5,1,0
1556.907,0.0237485,0.009139837,0.5,1,0
1582.698,0.02283036,0.02105188,0.5,1,0
1590.933,0.02401643,0.3618512,0.5,1,0
1603.921,0.02289933,0.05256116,0.5,1,0
1632.398,0.02336417,0.5507831,0.5,1,0
1641.919,0.02539101,0.0323007,0.5,1,0
1662.95,0.02396601,0.1283391,0.5,1,0
1679.305,0.0221509,0.02837544,0.5,1,0
1698.734,0.0244,0.002206,0.5,1,0
1707.477,0.0244,0.001378,0.5,1,0
1721.495,0.02285028,0.03737747,0.5,1,0
1741.61,0.02422165,0.008622502,0.5,1,0
1748.485,0.02292434,0.03655116,0.5,1,0
1764.255,0.02294262,0.1164331,0.5,1,0
1804.935,0.02273852,0.1003015,0.5,1,0
1813.692,0.0235504,0.03441462,0.5,1,0
1825.751,0.02066009,0.0944223,0.5,1,0
1856.042,0.02478754,0.03578088,0.5,1,0
1863.415,0.02267827,0.03868828,0.5,1,0
1890.461,0.0244,0.0002539,0.5,1,0
1901.95,0.02247168,0.08840097,0.5,1,0
1931.604,0.0244,0.001432,0.5,1,0
1933.507,0.02399848,0.00945954,0.5,1,0
1952.229,0.02221794,0.1154533,0.5,1,0
1973.139,0.02218061,0.2328965,0.5,1,0
1989.627,0.02246352,0.04210227,0.5,1,0
2006.866,0.02111856,0.02717361,0.5,1,0
2017.066,0.0244,0.0009232026,0.5,1,0
2038.225,0.0244,0.001316688,0.5,1,0
2053.701,0.02258512,0.01853809,0.5,1,0
2063.873,0.0246596,0.0580634,0.5,1,0
2075.644,0.02198371,0.009930744,0.5,1,0
2080.471,0.0233089,0.01398285,0.5,1,0
2098.888,0.0244,0.0008328184,0.5,1,0
2119.092,0.01905469,0.07702925,0.5,1,0
2149.417,0.0236772,0.1009118,0.5,1,0
2164.848,0.02262252,0.08347761,0.5,1,0
2179.703,0.02491475,0.09165053,0.5,1,0
2198.915,0.02500424,0.05571189,0.5,1,0
2218.287,0.02021949,0.02754392,0.5,1,0
2223.613,0.02295104,0.09992216,0.5,1,0
2235.24,0.0244,0.002250194,0.5,1,0
2272.915,0.02166626,0.0291169,0.5,1,0
2278.341,0.02393569,0.06547006,0.5,1,0
2288.195,0.02311689,0.3053146,0.5,1,0
2322.896,0.0244,0.002496058,0.5,1,0
2337.807,0.02161662,0.1235572,0.5,1,0
2354.086,0.02467817,0.01476415,0.5,1,0
2355.754,0.02420355,0.0152238,0.5,1,0
2377.205,0.02285505,0.1174644,0.5,1,0
2392.776,0.0244,0.001627634,0.5,1,0
2420.879,0.02137589,0.09799924,0.5,1,0
2429.84,0.0244,0.002437338,0.5,1,0
2448.41,0.0244,0.0005572242,0.5,1,0
2457.783,0.02601479,0.1509493,0.5,1,0
2463.765,0.0244,0.003304225,0.5,1,0
2474.04,0.0244,0.0007045926,0.5,1,0
2494.445,0.02407483,0.008661357,0.5,1,0
2511.234,0.01839943,0.3502436,0.5,1,0
2529.322,0.02170091,0.06568589,0.5,1,0
2560.539,0.02423264,0.004780654,0.5,1,0
2565.523,0.02178102,0.3519487,0.5,1,0
2571.391,0.02318857,0.07575603,0.5,1,0
2614.861,0.02326683,0.0896629,0.5,1,0
2628.157,0.023346,0.005846643,0.5,1,0
2637.506,0.02361402,0.1825013,0.5,1,0
2665.877,0.02345873,0.2267008,0.5,1,0
2679.741,0.02372989,0.022797,0.5,1,0
2690.88,0.02090316,0.2162624,0.5,1,0
2715.459,0.02313244,0.08975521,0.5,1,0
2724.164,0.02411686,0.008761903,0.5,1,0
2736.03,0.02179074,0.4182367,0.5,1,0
2750.899,0.02330989,0.01522066,0.5,1,0
2775.729,0.02308423,0.07495458,0.5,1,0
2795.489,0.02456102,0.1739027,0.5,1,0
2804.723,0.0244,0.003330677,0.5,1,0
2817.767,0.02342117,0.03053906,0.5,1,0
2820.196,0.02505252,0.003035179,0.5,1,0
2835.311,0.02316837,0.05291876,0.5,1,0
2854.893,0.02315161,0.2045112,0.5,1,0
2864.163,0.02433778,0.006521576,0.5,1,0
2886.258,0.02485283,0.01188421,0.5,1,0
2898.09,0.02407106,0.00389458,0.5,1,0
2916.735,0.02432605,0.005989312,0.5,1,0
2950.853,0.02604379,0.1018105,0.5,1,0
2959.25,0.02083417,0.04332279,0.5,1,0
2969.124,0.02475575,0.01670351,0.5,1,0
2991.1,0.02469369,0.03870145,0.5,1,0
3009.705,0.0244,0.002162646,0.5,1,0
3020.49,0.02341756,0.02490887,0.5,1,0
3030.062,0.02083626,0.2478224,0.5,1,0
3042.428,0.02588247,0.05857404,0.5,1,0
3063.695,0.02631957,0.03029964,0.5,1,0
3084.991,0.02380637,0.03819115,0.5,1,0
3106.622,0.0238676,0.01348917,0.5,1,0
3111.657,0.0223916,0.02835671,0.5,1,0
3151.475,0.02134646,0.1439046,0.5,1,0
3156.127,0.02158563,0.1525593,0.5,1,0
3169.075,0.0244,0.0002593581,0.5,1,0
3188.377,0.0244,0.001686505,0.5,1,0
3191.046,0.0219228,0.08317637,0.5,1,0
3210.832,0.02333712,0.1046422,0.5,1,0
3232.013,0.02404628,0.01200288,0.5,1,0
3234.307,0.02328898,0.004666982,0.5,1,0
3239.854,0.0244,0.00298665,0.5,1,0
3256.206,0.02149872,0.1242883,0.5,1,0
3272.867,0.02288516,0.01724542,0.5,1,0
3298.458,0.01816814,0.5028611,0.5,1,0
3309.258,0.0244,0.0003148048,0.5,1,0
3321.272,0.02397923,0.005635427,0.5,1,0
3335.092,0.02130345,0.04828097,0.5,1,0
3345.616,0.02053986,0.171467,0.5,1,0
3353.393,0.02421783,0.009438616,0.5,1,0
3387.183,0.02020127,0.1179368,0.5,1,0
3412.752,0.0244,0.000842999,0.5,1,0
3434.246,0.02371054,0.006135754,0.5,1,0
3445.976,0.02444303,0.02676384,0.5,1,0
3458.765,0.0244,0.002459614,0.5,1,0
3474.808,0.02510739,0.01561158,0.5,1,0
3503.579,0.0244,0.002395838,0.5,1,0
3513.6,0.0244,0.0004482739,0.5,1,0
3524.707,0.02540022,0.1477108,0.5,1,0
3546.3,0.0244,0.002007529,0.5,1,0
3569.418,0.0244,0.000887543,0.5,1,0
3578.149,0.02823491,0.02619925,0.5,1,0
3597.069,0.02677216,0.01311191,0.5,1,0
3614.868,0.02686146,0.1841367,0.5,1,0
3628.627,0.02405943,0.007836302,0.5,1,0
3642.557,0.02412211,0.004635279,0.5,1,0
3654.881,0.0273524,0.07813849,0.5,1,0
3677.193,0.02471047,0.01168759,0.5,1,0
3694.566,0.0244,6.364607e-05,0.5,1,0
3713.091,0.0244,0.004807343,0.5,1,0
3719.372,0.02713297,0.01729365,0.5,1,0
3722.228,0.02438139,0.006972277,0.5,1,0
3726.314,0.02651068,0.1307907,0.5,1,0
3735.818,0.02312924,0.0439536,0.5,1,0
3763.759,0.02349919,0.005758208,0.5,1,0
3789.825,0.02529307,0.0371696,0.5,1,0
3813.0,0.0244,0.000975079,0.5,1,0
3823.737,0.02377806,0.0591242,0.5,1,0
3830.171,0.02336064,0.1928906,0.5,1,0
3852.118,0.02616767,0.02092445,0.5,1,0
3873.0,0.02186838,0.07038107,0.5,1,0
3886.963,0.02423112,0.01733113,0.5,1,0
3909.174,0.02637156,0.2433129,0.5,1,0
3927.255,0.02441464,0.00939718,0.5,1,0
3935.362,0.0253085,0.04700745,0.5,1,0
3955.737,0.0244,0.003621497,0.5,1,0
3964.877,0.02607947,0.0443672,0.5,1,0
3973.926,0.02457961,0.107349,0.5,1,0
3980.035,0.02924258,0.1697916,0.5,1,0
4000.078,0.02490447,0.01620739,0.5,1,0
4030.83,0.0244,0.007832797,0.5,1,0
4046.301,0.0244,0.009808165,0.5,1,0
4052.65,0.0244,0.02706426,0.5,1,0
4069.194,0.0244,0.03145767,0.5,1,0
4085.933,0.0244,0.03614734,0.5,1,0
4102.761,0.0244,0.03835491,0.5,1,0
6000.0,0.0244,53.59296,0.5,1,0
8.358396,0.02440102,2.49435e-07,0.5,-1,1
37.0053,0.0244,1.041e-06,0.5,-1,1
41.0295,0.0244,9.704e-07,0.5,-1,1
71.7825,0.0244,2.213e-07,0.5,-1,1
90.2298,0.0244,6.451e-06,0.5,-1,1
98.0644,0.0244,6.206e-06,0.5,-1,1
121.3315,0.0244,9.45e-08,0.5,-1,1
134.264,0.0244,8.08e-07,0.5,-1,1
148.0682,0.0244,1.152e-05,0.5,-1,1
155.1049,0.0244,1.117e-07,0.5,-1,1
174.0608,0.0244,1.761e-05,0.5,-1,1
202.7,0.0244,5.849e-05,0.5,-1,1
223.307,0.0244,5.24e-06,0.5,-1,1
234.288,0.0244,2.246e-05,0.5,-1,1
258.497,0.0244,1.685e-05,0.5,-1,1
293.9357,0.0244,3.55e-06,0.5,-1,1
326.5573,0.0244,2.929e-05,0.5,-1,1
338.1431,0.0244,5.584e-05,0.5,-1,1
352.0115,0.0244,9.291e-05,0.5,-1,1
391.9289,0.0244,0.000177,0.5,-1,1
412.0312,0.0244,0.0002698,0.5,-1,1
438.0727,0.0244,1.38e-06,0.5,-1,1
446.2929,0.0244,9.314e-06,0.5,-1,1
454.0735,0.0244,0.0001261,0.5,-1,1
456.3621,0.0244,5.011e-06,0.5,-1,1
466.0,0.0244,8e-05,0.5,-1,1
469.837,0.0244,4.446e-05,0.5,-1,1
496.9296,0.0244,1.017e-05,0.5,-1,1
521.6976,0.0244,1.723e-05,0.5,-1,1
533.6481,0.0244,0.0002486,0.5,-1,1
539.6123,0.0244,5.859e-05,0.5,-1,1
559.1629,0.0244,6.5e-06,0.5,-1,1
584.0074,0.0244,3.195e-05,0.5,-1,1
600.5583,0.0244,8.38e-06,0.5,-1,1
610.0,0.0244,0.00012,0.5,-1,1
614.6319,0.0244,5.712e-05,0.5,-1,1
643.7526,0.0244,1.122e-05,0.5,-1,1
650.6932,0.0244,2.538e-06,0.5,-1,1
678.5734,0.0244,5.033e-06,0.5,-1,1
689.5591,0.0244,7.452e-05,0.5,-1,1
696.0519,0.0244,8.689e-06,0.5,-1,1
704.7,0.0244,0.000351,0.5,-1,1
709.3284,0.0244,3.031e-06,0.5,-1,1
720.7039,0.0244,0.0001003,0.5,-1,1
738.7564,0.0244,6.01e-06,0.5,-1,1
758.5927,0.0244,7.578e-05,0.5,-1,1
771.2188,0.0244,5.54e-05,0.5,-1,1
775.0768,0.0244,1.528e-05,0.5,-1,1
815.1251,0.0244,3.472e-05,0.5,-1,1
845.1794,0.0244,0.0002056,0.5,-1,1
851.6312,0.0244,0.0007922,0.5,-1,1
868.0091,0.0244,0.0004046,0.5,-1,1
893.0003,0.0244,6.971e-05,0.5,-1,1
913.3768,0.0244,6.959e-05,0.5,-1,1
932.5,0.0244,5.5e-06,0.5,-1,1
940.5375,0.0244,1.692e-05,0.5,-1,1
955.683,0.0244,6.454e-05,0.5,-1,1
972.5679,0.0244,0.000141015,0.5,-1,1
1007.292,0.0244,0.0001103,0.5,-1,1
1014.105,0.0244,0.0002672,0.5,-1,1
1029.184,0.0244,3.097e-05,0.5,-1,1
1044.801,0.0244,0.0007212,0.5,-1,1
1078.056,0.0244,0.0006699,0.5,-1,1
1082.704,0.0244,3.106e-05,0.5,-1,1
1100.191,0.0244,7.42e-05,0.5,-1,1
1106.302,0.0244,0.0001476,0.5,-1,1
1115.839,0.0244,0.002156,0.5,-1,1
1125.47,0.0244,5.87e-05,0.5,-1,1
1133.914,0.0244,0.0002802,0.5,-1,1
1206.013,0.0244,0.001241,0.5,-1,1
1217.813,0.0244,0.0002007,0.5,-1,1
1225.662,0.0244,0.0001507,0.5,-1,1
1234.701,0.0244,0.0003148,0.5,-1,1
1254.856,0.0244,0.0001478,0.5,-1,1
1276.11,0.0244,8.02e-05,0.5,-1,1
1291.203,0.0244,0.0004061,0.5,-1,1
1296.666,0.0244,0.0001376,0.5,-1,1
1308.009,0.0244,0.0006922,0.5,-1,1
1326.486,0.0244,2.556e-05,0.5,-1,1
1341.056,0.0244,0.00014363,0.5,-1,1
1359.895,0.0244,0.0006687,0.5,-1,1
1373.984,0.0244,0.001351,0.5,-1,1
1412.565,0.0244,0.0001234,0.5,-1,1
1418.07,0.0244,0.0003015,0.5,-1,1
1425.697,0.0244,0.0004961,0.5,-1,1
1442.151,0.0244,0.0001426,0.5,-1,1
1460.091,0.0244,4.899e-05,0.5,-1,1
1471.992,0.0244,5.56e-05,0.5,-1,1
1502.566,0.0244,8.484e-05,0.5,-1,1
1504.377,0.0244,0.0006433,0.5,-1,1
1511.207,0.0244,0.005849,0.5,-1,1
1516.0,0.0244,0.0006,0.5,-1,1
1542.619,0.0244,5.15e-05,0.5,-1,1
1598.524,0.0244,9.132e-05,0.5,-1,1
1605.14,0.0244,0.0002598,0.5,-1,1
1613.053,0.0244,0.00108,0.5,-1,1
1615.25,0.0244,0.0006,0.5,-1,1
1637.335,0.0244,3.95e-05,0.5,-1,1
1649.648,0.0244,6.958e-06,0.5,-1,1
1659.955,0.0244,0.0003299,0.5,-1,1
1679.722,0.0244,0.0008649,0.5,-1,1
1684.072,0.0244,0.000105,0.5,-1,1
1696.266,0.0244,0.0001909,0.5,-1,1
1713.936,0.0244,1.714e-06,0.5,-1,1
1732.48,0.0244,0.0003549,0.5,-1,1
1747.555,0.0244,0.000468,0.5,-1,1
1779.88,0.0244,2.571e-05,0.5,-1,1
1793.933,0.0244,2.433e-06,0.5,-1,1
1815.094,0.0244,0.0005534,0.5,-1,1
1817.094,0.0244,0.0002183,0.5,-1,1
1846.425,0.0244,0.0002121,0.5,-1,1
1853.004,0.0244,2.067e-06,0.5,-1,1
1859.409,0.0244,0.0003305,0.5,-1,1
1861.109,0.0244,0.0007611,0.5,-1,1
1875.014,0.0244,8.731e-06,0.5,-1,1
1909.551,0.0244,0.0002139,0.5,-1,1
1918.877,0.0244,3.168e-06,0.5,-1,1
1932.222,0.0244,0.004448,0.5,-1,1
1955.193,0.0244,0.0006527,0.5,-1,1
1956.69,0.0244,6.169e-06,0.5,-1,1
1986.112,0.0244,0.0008466,0.5,-1,1
2005.09,0.0244,0.001607005,0.5,-1,1
2027.5,0.0244,0.001426552,0.5,-1,1
2055.761,0.0244,0.0004782979,0.5,-1,1
2065.087,0.0244,0.0009097436,0.5,-1,1
2072.001,0.0244,0.001894654,0.5,-1,1
2086.965,0.0244,0.0001214224,0.5,-1,1
2115.124,0.0244,3.579017e-06,0.5,-1,1
2140.006,0.0244,0.000800564,0.5,-1,1
2160.461,0.0244,0.0074292,0.5,-1,1
2166.957,0.0244,0.001278215,0.5,-1,1
2170.319,0.0244,0.0004527274,0.5,-1,1
2172.685,0.0244,0.002943815,0.5,-1,1
2201.86,0.0244,0.003484042,0.5,-1,1
2214.653,0.0244,0.00143719,0.5,-1,1
2235.638,0.0244,0.0001796841,0.5,-1,1
2259.298,0.0244,4.600954e-06,0.5,-1,1
2276.268,0.0244,2.173192e-05,0.5,-1,1
2283.424,0.0244,0.005553443,0.5,-1,1
2292.995,0.0244,0.0007562242,0.5,-1,1
2296.767,0.0244,4.834736e-05,0.5,-1,1
2323.729,0.0244,0.001453019,0.5,-1,1
2345.765,0.0244,0.005055155,0.5,-1,1
2364.596,0.0244,5.441687e-06,0.5,-1,1
2390.496,0.0244,7.950335e-05,0.5,-1,1
2409.356,0.0244,0.0006237231,0.5,-1,1
2421.131,0.0244,0.001354367,0.5,-1,1
2430.884,0.0244,0.002024525,0.5,-1,1
2446.452,0.0244,8.797527e-05,0.5,-1,1
2453.617,0.0244,0.001664951,0.5,-1,1
2471.194,0.0244,0.0005850975,0.5,-1,1
2491.454,0.0244,0.001174633,0.5,-1,1
2532.109,0.0244,0.0006659035,0.5,-1,1
2532.802,0.0244,0.0008797558,0.5,-1,1
2537.507,0.0244,0.002418909,0.5,-1,1
2564.087,0.0244,6.171488e-05,0.5,-1,1
2583.902,0.0244,3.666184e-06,0.5,-1,1
2615.01,0.0244,0.006561144,0.5,-1,1
2633.739,0.0244,0.0007392365,0.5,-1,1
2655.002,0.0244,0.002287682,0.5,-1,1
2672.14,0.0244,0.001796244,0.5,-1,1
2673.793,0.0244,0.0002068139,0.5,-1,1
2694.502,0.0244,0.0007791269,0.5,-1,1
2718.064,0.0244,0.004381365,0.5,-1,1
2726.341,0.0244,2.761249e-06,0.5,-1,1
2726.5,0.0244,0.006,0.5,-1,1
2729.606,0.0244,3.181761e-06,0.5,-1,1
2752.499,0.0244,0.001823657,0.5,-1,1
2775.715,0.0244,3.662972e-05,0.5,-1,1
2784.718,0.0244,0.002451706,0.5,-1,1
2795.121,0.0244,3.762981e-06,0.5,-1,1
2809.392,0.0244,0.0001165637,0.5,-1,1
2826.844,0.0244,0.0006078263,0.5,-1,1
2837.985,0.0244,0.001600612,0.5,-1,1
2871.296,0.0244,0.001462751,0.5,-1,1
2879.744,0.0244,2.90793e-06,0.5,-1,1
2915.445,0.0244,0.002313813,0.5,-1,1
2933.478,0.0244,0.0008070768,0.5,-1,1
2953.948,0.0244,0.001771206,0.5,-1,1
2962.124,0.0244,0.001505643,0.5,-1,1
2982.054,0.0244,0.01023511,0.5,-1,1
2989.219,0.0244,0.001857686,0.5,-1,1
3004.939,0.0244,0.0008113496,0.5,-1,1
3023.731,0.0244,0.002693261,0.5,-1,1
3026.692,0.0244,2.512742e-05,0.5,-1,1
3044.166,0.0244,3.085241e-05,0.5,-1,1
3070.065,0.0244,0.0007080933,0.5,-1,1
3098.354,0.0244,6.940512e-05,0.5,-1,1
3114.664,0.0244,0.004347093,0.5,-1,1
3115.765,0.0244,0.001137062,0.5,-1,1
3120.0,0.0244,0.004527693,0.5,-1,1
3148.494,0.0244,0.002399859,0.5,-1,1
3156.532,0.0244,0.0017226,0.5,-1,1
3192.946,0.0244,0.0008610019,0.5,-1,1
3197.603,0.0244,0.0006858209,0.5,-1,1
3219.093,0.0244,0.005185572,0.5,-1,1
3228.062,0.0244,0.0003427926,0.5,-1,1
3245.92,0.0244,0.01296089,0.5,-1,1
3248.83,0.0244,3.978919e-06,0.5,-1,1
3257.24,0.0244,3.375986e-05,0.5,-1,1
3273.185,0.0244,0.01634044,0.5,-1,1
3296.564,0.0244,0.02035702,0.5,-1,1
3309.55,0.0244,0.0002517488,0.5,-1,1
3317.43,0.0244,0.001034221,0.5,-1,1
3324.066,0.0244,0.0001944107,0.5,-1,1
3330.571,0.0244,0.001309313,0.5,-1,1
3344.891,0.0244,0.01363008,0.5,-1,1
3375.908,0.0244,0.0004708415,0.5,-1,1
3412.723,0.0244,0.01018758,0.5,-1,1
3430.723,0.0244,9.983779e-05,0.5,-1,1
3461.011,0.0244,0.0004226728,0.5,-1,1
3484.944,0.0244,5.076982e-05,0.5,-1,1
3513.919,0.0244,0.0007132676,0.5,-1,1
3516.727,0.0244,7.537844e-05,0.5,-1,1
3534.771,0.0244,0.000187479,0.5,-1,1
3548.279,0.0244,0.00220939,0.5,-1,1
3566.368,0.0244,0.000137324,0.5,-1,1
3572.916,0.0244,0.003868083,0.5,-1,1
3609.903,0.0244,0.0007973017,0.5,-1,1
3619.0,0.0244,0.004,0.5,-1,1
3637.882,0.0244,7.514983e-05,0.5,-1,1
3662.749,0.0244,0.001142273,0.5,-1,1
3669.021,0.0244,0.002864834,0.5,-1,1
3675.8,0.0244,0.004,0.5,-1,1
3681.338,0.0244,0.0001149043,0.5,-1,1
3690.859,0.0244,5.07793e-05,0.5,-1,1
3695.386,0.0244,0.001989516,0.5,-1,1
3713.163,0.0244,0.002295684,0.5,-1,1
3717.818,0.0244,0.0002048702,0.5,-1,1
3738.853,0.0244,0.003385203,0.5,-1,1
3765.519,0.0244,4.789313e-05,0.5,-1,1
3775.182,0.0244,0.001265462,0.5,-1,1
3796.668,0.0244,6.185527e-06,0.5,-1,1
3810.609,0.0244,0.0004138208,0.5,-1,1
3847.596,0.0244,0.0006541945,0.5,-1,1
3864.279,0.0244,0.0005039619,0.5,-1,1
3869.827,0.0244,0.005695359,0.5,-1,1
3875.444,0.0244,0.0003905789,0.5,-1,1
3890.653,0.0244,0.001797277,0.5,-1,1
3917.577,0.0244,0.005305447,0.5,-1,1
13.1187,0.0244,1.521e-07,1.5,-1,1
38.1976,0.0244,3.17e-07,1.5,-1,1
47.0626,0.0244,1.016e-06,1.5,-1,1
58.7873,0.0244,4.562e-06,1.5,-1,1
103.5423,0.0244,2.379e-06,1.5,-1,1
108.8094,0.0244,3.105e-08,1.5,-1,1
114.6011,0.0244,1.532e-06,1.5,-1,1
128.2592,0.0244,3.807e-05,1.5,-1,1
135.6319,0.0244,1.126e-06,1.5,-1,1
139.53,0.0244,1.2e-06,1.5,-1,1
163.0059,0.0244,4.245e-07,1.5,-1,1
166.9,0.0244,3e-06,1.5,-1,1
179.1461,0.0244,2.279e-05,1.5,-1,1
187.683,0.0244,1.253e-07,1.5,-1,1
196.2801,0.0244,4.928e-05,1.5,-1,1
211.0681,0.0244,1.158e-05,1.5,-1,1
214.6042,0.0244,2.413e-07,1.5,-1,1
231.7845,0.0244,1.084e-05,1.5,-1,1
238.0002,0.0244,2.88e-07,1.5,-1,1
242.4859,0.0244,2.703e-05,1.5,-1,1
255.1021,0.0244,2.111e-06,1.5,-1,1
264.1082,0.0244,1.019e-08,1.5,-1,1
264.9549,0.0244,5.051e-08,1.5,-1,1
272.5096,0.0244,6.45e-06,1.5,-1,1
277.025,0.0244,6.38e-06,1.5,-1,1
290.6196,0.0244,4.258e-05,1.5,-1,1
302.7183,0.0244,7.514e-05,1.5,-1,1
317.2071,0.0244,3.056e-07,1.5,-1,1
321.9049,0.0244,2.322e-05,1.5,-1,1
332.6727,0.0244,1.164e-05,1.5,-1,1
347.9637,0.0244,3.255e-07,1.5,-1,1
350.5585,0.0244,7.463e-06,1.5,-1,1
361.3344,0.0244,4.934e-05,1.5,-1,1
376.7549,0.0244,2.249e-06,1.5,-1,1
380.7735,0.0244,8.882e-05,1.5,-1,1
389.286,0.0244,1.228e-05,1.5,-1,1
394.4681,0.0244,3.709e-05,1.5,-1,1
398.5815,0.0244,2.511e-06,1.5,-1,1
408.1135,0.0244,2.872e-06,1.5,-1,1
413.4009,0.0244,1.387e-05,1.5,-1,1
438.7884,0.0244,1.68e-06,1.5,-1,1
440.6087,0.0244,1.65e-06,1.5,-1,1
452.1238,0.0244,4.028e-06,1.5,-1,1
458.9152,0.0244,3.042e-05,1.5,-1,1
476.5493,0.0244,9.333e-05,1.5,-1,1
483.6761,0.0244,2.612e-05,1.5,-1,1
488.3882,0.0244,4.921e-05,1.5,-1,1
496.2877,0.0244,1.846e-06,1.5,-1,1
504.3273,0.0244,4.88e-06,1.5,-1,1
508.9929,0.0244,2.787e-05,1.5,-1,1
523.6635,0.0244,2.092e-06,1.5,-1,1
536.0115,0.0244,0.0002092,1.5,-1,1
538.0237,0.0244,8.957e-06,1.5,-1,1
550.3325,0.0244,3.502e-05,1.5,-1,1
552.243,0.0244,1.794e-05,1.5,-1,1
573.9088,0.0244,0.0003133,1.5,-1,1
578.6193,0.0244,0.0009935,1.5,-1,1
587.0,0.0244,1.1e-06,1.5,-1,1
597.9026,0.0244,4.182e-07,1.5,-1,1
615.5798,0.0244,9.395e-07,1.5,-1,1
622.4932,0.0244,5.394e-06,1.5,-1,1
633.5546,0.0244,2.4648e-05,1.5,-1,1
637.816,0.0244,5.392e-06,1.5,-1,1
644.8023,0.0244,7.765e-05,1.5,-1,1
653.9307,0.0244,5.672e-06,1.5,-1,1
667.6784,0.0244,2.485e-05,1.5,-1,1
681.0134,0.0244,1.372e-05,1.5,-1,1
681.3236,0.0244,7.843e-06,1.5,-1,1
696.1273,0.0244,3.253e-05,1.5,-1,1
708.5707,0.0244,3.493e-06,1.5,-1,1
715.2358,0.0244,0.000131,1.5,-1,1
726.7233,0.0244,2.577e-05,1.5,-1,1
748.9061,0.0244,3.52e-07,1.5,-1,1
755.0223,0.0244,9.629e-06,1.5,-1,1
765.4099,0.0244,0.0003606,1.5,-1,1
785.7894,0.0244,1.141e-05,1.5,-1,1
789.6858,0.0244,1.678e-05,1.5,-1,1
793.7766,0.0244,1.554e-05,1.5,-1,1
802.7956,0.0244,0.0001665,1.5,-1,1
809.5124,0.0244,3.789e-05,1.5,-1,1
809.7088,0.0244,8.447e-05,1.5,-1,1
813.1815,0.0244,3.471e-05,1.5,-1,1
821.7261,0.0244,0.0006126,1.5,-1,1
837.8064,0.0244,3.79e-05,1.5,-1,1
850.6713,0.0244,0.0001677,1.5,-1,1
870.0203,0.0244,0.0003812,1.5,-1,1
879.2741,0.0244,5.402e-05,1.5,-1,1
885.1181,0.0244,0.0001802,1.5,-1,1
893.6902,0.0244,6.396e-05,1.5,-1,1
900.1938,0.0244,4.515e-05,1.5,-1,1
903.932,0.0244,2.127e-05,1.5,-1,1
912.6219,0.0244,1.073e-06,1.5,-1,1
919.3513,0.0244,0.0002416,1.5,-1,1
927.6312,0.0244,0.0002285,1.5,-1,1
928.1055,0.0244,2.037e-06,1.5,-1,1
934.1301,0.0244,0.0001949,1.5,-1,1
942.4985,0.0244,7.582e-05,1.5,-1,1
946.1395,0.0244,2.171e-05,1.5,-1,1
960.9412,0.0244,9.107e-06,1.5,-1,1
970.0065,0.0244,1.267e-05,1.5,-1,1
974.5422,0.0244,9.709e-05,1.5,-1,1
986.137,0.0244,0.0001232,1.5,-1,1
988.1853,0.0244,0.000115,1.5,-1,1
996.7914,0.0244,0.0002424,1.5,-1,1
1005.243,0.0244,6.71e-06,1.5,-1,1
1022.966,0.0244,0.0002198,1.5,-1,1
1028.734,0.0244,3.915e-05,1.5,-1,1
1050.051,0.0244,0.0001686,1.5,-1,1
1055.365,0.0244,0.0002413,1.5,-1,1
1060.959,0.0244,8.56e-05,1.5,-1,1
1074.125,0.0244,4.205e-05,1.5,-1,1
1083.148,0.0244,1.59e-05,1.5,-1,1
1087.056,0.0244,1.45e-05,1.5,-1,1
1108.393,0.0244,0.0001772,1.5,-1,1
1113.886,0.0244,0.0002312,1.5,-1,1
1117.592,0.0244,0.0003488,1.5,-1,1
1119.939,0.0244,0.0001879,1.5,-1,1
1127.0,0.0244,0.00011,1.5,-1,1
1133.407,0.0244,0.0001073,1.5,-1,1
1137.324,0.0244,4.148e-05,1.5,-1,1
1152.861,0.0244,0.0001989,1.5,-1,1
1164.69,0.0244,2.871e-05,1.5,-1,1
1170.483,0.0244,5.6e-06,1.5,-1,1
1171.002,0.0244,1.564e-05,1.5,-1,1
1176.976,0.0244,0.0001968,1.5,-1,1
1186.765,0.0244,6.169e-05,1.5,-1,1
1189.755,0.0244,1.193e-05,1.5,-1,1
1197.865,0.0244,1.797e-06,1.5,-1,1
1201.975,0.0244,1.041e-05,1.5,-1,1
1204.871,0.0244,0.0004582,1.5,-1,1
1210.154,0.0244,3.375e-05,1.5,-1,1
1217.928,0.0244,5.763e-07,1.5,-1,1
1235.0,0.0244,0.000406,1.5,-1,1
1243.202,0.0244,0.0007343,1.5,-1,1
1254.285,0.0244,3.22e-05,1.5,-1,1
1262.471,0.0244,0.0004318,1.5,-1,1
1266.63,0.0244,4.417e-07,1.5,-1,1
1281.768,0.0244,1.145e-05,1.5,-1,1
1288.824,0.0244,6.403e-05,1.5,-1,1
1306.436,0.0244,1.991e-06,1.5,-1,1
1310.285,0.0244,8.987e-08,1.5,-1,1
1313.436,0.0244,3.22e-06,1.5,-1,1
1323.568,0.0244,2.071e-05,1.5,-1,1
1331.406,0.0244,1.495e-05,1.5,-1,1
1346.648,0.0244,0.0003296,1.5,-1,1
1346.913,0.0244,0.0001158,1.5,-1,1
1353.598,0.0244,1.499e-07,1.5,-1,1
1362.957,0.0244,0.0001703,1.5,-1,1
1370.05,0.0244,4.053e-06,1.5,-1,1
1372.533,0.0244,6.27e-06,1.5,-1,1
1379.238,0.0244,0.0002433,1.5,-1,1
1385.233,0.0244,8.946e-05,1.5,-1,1
1388.813,0.0244,0.001447,1.5,-1,1
1399.029,0.0244,2.48e-05,1.5,-1,1
1401.786,0.0244,0.0001363,1.5,-1,1
1409.455,0.0244,0.0001414,1.5,-1,1
1419.177,0.0244,0.0001222,1.5,-1,1
1436.447,0.0244,0.0002407,1.5,-1,1
1444.5,0.0244,0.00014642,1.5,-1,1
1450.693,0.0244,0.0001283,1.5,-1,1
1465.967,0.0244,9.265e-05,1.5,-1,1
1474.415,0.0244,2.813e-05,1.5,-1,1
1478.164,0.0244,0.0003701,1.5,-1,1
1485.47,0.0244,0.0001875,1.5,-1,1
1496.209,0.0244,0.00013721,1.5,-1,1
1500.248,0.0244,1.298e-05,1.5,-1,1
1517.5,0.0244,0.0005593,1.5,-1,1
1518.038,0.0244,0.0002495,1.5,-1,1
1531.219,0.0244,6.85e-05,1.5,-1,1
1537.542,0.0244,5.411e-05,1.5,-1,1
1549.074,0.0244,3.095e-05,1.5,-1,1
1560.566,0.0244,9.746e-05,1.5,-1,1
1581.394,0.0244,0.0005713,1.5,-1,1
1596.7,0.0244,1.925e-05,1.5,-1,1
1606.484,0.0244,0.0007321,1.5,-1,1
1625.201,0.0244,0.0003052,1.5,-1,1
1628.237,0.0244,0.0002294,1.5,-1,1
1644.652,0.0244,0.00127,1.5,-1,1
1655.411,0.0244,5.082e-05,1.5,-1,1
1681.249,0.0244,0.0001882,1.5,-1,1
1692.185,0.0244,0.0006806,1.5,-1,1
1702.924,0.0244,1.788e-06,1.5,-1,1
1706.313,0.0244,0.0007943,1.5,-1,1
1709.617,0.0244,1.661e-06,1.5,-1,1
1719.934,0.0244,0.0006904,1.5,-1,1
1727.046,0.0244,0.000676,1.5,-1,1
1731.001,0.0244,0.0005127,1.5,-1,1
1746.598,0.0244,0.0004477,1.5,-1,1
1766.599,0.0244,0.0006687,1.5,-1,1
1773.872,0.0244,3.721e-06,1.5,-1,1
1786.614,0.0244,0.0004678,1.5,-1,1
1788.009,0.0244,0.0005203,1.5,-1,1
1796.7,0.0244,2.171e-06,1.5,-1,1
1809.807,0.0244,5.733e-05,1.5,-1,1
1820.423,0.0244,0.0001224,1.5,-1,1
1825.005,0.0244,0.001206,1.5,-1,1
1838.42,0.0244,0.0004989,1.5,-1,1
1850.428,0.0244,0.002408,1.5,-1,1
1858.765,0.0244,0.0001915,1.5,-1,1
1867.141,0.0244,0.0003793,1.5,-1,1
1885.729,0.0244,0.000100004,1.5,-1,1
1890.546,0.0244,9.248e-05,1.5,-1,1
1893.552,0.0244,1.708e-06,1.5,-1,1
1899.188,0.0244,0.002166,1.5,-1,1
1905.115,0.0244,0.002485,1.5,-1,1
1908.053,0.0244,0.0002011,1.5,-1,1
1913.505,0.0244,0.000310282,1.5,-1,1
1922.58,0.0244,1.735e-06,1.5,-1,1
1930.014,0.0244,0.00283,1.5,-1,1
1941.001,0.0244,0.00035,1.5,-1,1
1957.171,0.0244,1.471e-05,1.5,-1,1
1970.037,0.0244,0.0003599,1.5,-1,1
1977.27,0.0244,4.314e-06,1.5,-1,1
1992.005,0.0244,0.0006744,1.5,-1,1
1999.92,0.0244,0.0003699,1.5,-1,1
2016.684,0.0244,0.0002893365,1.5,-1,1
2023.831,0.0244,0.001061703,1.5,-1,1
2030.696,0.0244,8.152099e-06,1.5,-1,1
2058.017,0.0244,0.001783352,1.5,-1,1
2069.937,0.0244,0.0002461288,1.5,-1,1
2075.43,0.0244,0.0004864206,1.5,-1,1
2083.331,0.0244,0.0002304682,1.5,-1,1
2091.731,0.0244,3.97605e-07,1.5,-1,1
2094.974,0.0244,2.970614e-05,1.5,-1,1
2100.332,0.0244,2.955614e-05,1.5,-1,1
2103.521,0.0244,0.0002303192,1.5,-1,1
2120.868,0.0244,0.001954785,1.5,-1,1
2131.497,0.0244,2.034945e-06,1.5,-1,1
2136.712,0.0244,9.51436e-07,1.5,-1,1
2141.318,0.0244,1.780683e-06,1.5,-1,1
2145.054,0.0244,0.0001895863,1.5,-1,1
2155.865,0.0244,9.98599e-07,1.5,-1,1
2162.804,0.0244,0.000743596,1.5,-1,1
2167.801,0.0244,0.0002167904,1.5,-1,1
2180.582,0.0244,6.049834e-05,1.5,-1,1
2192.366,0.0244,1.471943e-06,1.5,-1,1
2207.058,0.0244,0.0001713659,1.5,-1,1
2210.0,0.0244,0.001,1.5,-1,1
2217.871,0.0244,1.161198e-05,1.5,-1,1
2238.212,0.0244,0.0002431299,1.5,-1,1
2248.094,0.0244,1.349951e-06,1.5,-1,1
2251.631,0.0244,5.30055e-07,1.5,-1,1
2262.0,0.0244,8e-05,1.5,-1,1
2265.792,0.0244,6.67013e-07,1.5,-1,1
2291.577,0.0244,0.001014245,1.5,-1,1
2299.684,0.0244,6.999695e-05,1.5,-1,1
2308.429,0.0244,0.001309769,1.5,-1,1
2310.143,0.0244,0.0009610996,1.5,-1,1
2313.681,0.0244,4.312674e-05,1.5,-1,1
2315.095,0.0244,0.0007472007,1.5,-1,1
2322.595,0.0244,5.849696e-05,1.5,-1,1
2330.747,0.0244,0.0003748284,1.5,-1,1
2335.485,0.0244,5.234881e-05,1.5,-1,1
2342.991,0.0244,0.0003905307,1.5,-1,1
2352.384,0.0244,8.113438e-05,1.5,-1,1
2357.028,0.0244,0.0001275219,1.5,-1,1
2375.101,0.0244,0.000132442,1.5,-1,1
2383.832,0.0244,0.001021612,1.5,-1,1
2385.413,0.0244,0.001090801,1.5,-1,1
2388.604,0.0244,0.0003516329,1.5,-1,1
2393.745,0.0244,0.00118175,1.5,-1,1
2404.75,0.0244,6.200285e-05,1.5,-1,1
2414.347,0.0244,5.139808e-05,1.5,-1,1
2425.665,0.0244,0.000604628,1.5,-1,1
2427.084,0.0244,0.0005469718,1.5,-1,1
2438.322,0.0244,0.00117047,1.5,-1,1
2443.111,0.0244,0.008548366,1.5,-1,1
2457.044,0.0244,0.004680345,1.5,-1,1
2462.42,0.0244,0.0001086973,1.5,-1,1
2467.728,0.0244,0.0003006954,1.5,-1,1
2484.513,0.0244,2.138784e-05,1.5,-1,1
2499.876,0.0244,1.69e-07,1.5,-1,1
2505.667,0.0244,7.74645e-07,1.5,-1,1
2509.863,0.0244,0.001839564,1.5,-1,1
2517.727,0.0244,2.857937e-06,1.5,-1,1
2522.548,0.0244,1.351841e-05,1.5,-1,1
2527.043,0.0244,0.002620375,1.5,-1,1
2531.403,0.0244,2.740955e-06,1.5,-1,1
2557.881,0.0244,0.0006945535,1.5,-1,1
2564.736,0.0244,0.0004105744,1.5,-1,1
2578.613,0.0244,0.0002437909,1.5,-1,1
2583.191,0.0244,1.929069e-06,1.5,-1,1
2586.301,0.0244,1.306551e-05,1.5,-1,1
2587.579,0.0244,2.787226e-06,1.5,-1,1
2592.441,0.0244,0.0007234881,1.5,-1,1
2605.495,0.0244,0.001370598,1.5,-1,1
2614.193,0.0244,3.40202e-07,1.5,-1,1
2625.934,0.0244,0.00323773,1.5,-1,1
2638.858,0.0244,4.132688e-05,1.5,-1,1
2645.289,0.0244,1.3556e-05,1.5,-1,1
2647.935,0.0244,2.377105e-05,1.5,-1,1
2658.654,0.0244,0.003933157,1.5,-1,1
2668.296,0.0244,1.049031e-06,1.5,-1,1
2670.879,0.0244,0.0006783336,1.5,-1,1
2686.292,0.0244,0.0006840783,1.5,-1,1
2693.818,0.0244,3.384901e-06,1.5,-1,1
2699.66,0.0244,0.001083736,1.5,-1,1
2709.469,0.0244,1.11949e-05,1.5,-1,1
2717.792,0.0244,2.515994e-06,1.5,-1,1
2730.921,0.0244,0.0005781164,1.5,-1,1
2735.06,0.0244,6.502753e-05,1.5,-1,1
2746.3,0.0244,0.0002228166,1.5,-1,1
2748.082,0.0244,0.001011937,1.5,-1,1
2755.437,0.0244,5.28096e-05,1.5,-1,1
2765.905,0.0244,0.0006088677,1.5,-1,1
2779.721,0.0244,0.0006539882,1.5,-1,1
2791.992,0.0244,0.0009793066,1.5,-1,1
2805.712,0.0244,0.002303635,1.5,-1,1
2822.346,0.0244,0.0005747315,1.5,-1,1
2831.315,0.0244,0.0007879001,1.5,-1,1
2839.608,0.0244,0.001034079,1.5,-1,1
2842.0,0.0244,0.0003,1.5,-1,1
2849.354,0.0244,0.0003785957,1.5,-1,1
2860.891,0.0244,0.0008713709,1.5,-1,1
2866.839,0.0244,0.000100823,1.5,-1,1
2869.583,0.0244,0.0002115492,1.5,-1,1
2881.095,0.0244,0.000320899,1.5,-1,1
2897.266,0.0244,0.001809409,1.5,-1,1
2903.147,0.0244,2.420189e-06,1.5,-1,1
2909.64,0.0244,0.001170191,1.5,-1,1
2920.832,0.0244,8.721201e-05,1.5,-1,1
2935.347,0.0244,0.001778355,1.5,-1,1
2944.155,0.0244,0.0009280357,1.5,-1,1
2957.138,0.0244,2.519551e-05,1.5,-1,1
2960.983,0.0244,0.001019481,1.5,-1,1
2974.393,0.0244,0.001046489,1.5,-1,1
2976.856,0.0244,8.263887e-05,1.5,-1,1
2978.641,0.0244,5.433075e-05,1.5,-1,1
2985.734,0.0244,1.629841e-05,1.5,-1,1
2994.248,0.0244,2.827707e-05,1.5,-1,1
2997.206,0.0244,0.0001152425,1.5,-1,1
2999.303,0.0244,2.530082e-06,1.5,-1,1
3002.2,0.0244,0.0002906926,1.5,-1,1
3003.514,0.0244,0.0001146505,1.5,-1,1
3024.666,0.0244,5.77686e-05,1.5,-1,1
3030.397,0.0244,5.614076e-05,1.5,-1,1
3037.481,0.0244,0.0004439495,1.5,-1,1
3049.037,0.0244,5.268139e-05,1.5,-1,1
3055.465,0.0244,1.347677e-05,1.5,-1,1
3062.146,0.0244,0.0004428672,1.5,-1,1
3080.435,0.0244,0.003026781,1.5,-1,1
3086.838,0.0244,0.003457155,1.5,-1,1
3087.135,0.0244,0.0005354174,1.5,-1,1
3096.161,0.0244,2.081571e-05,1.5,-1,1
3111.798,0.0244,0.0001618377,1.5,-1,1
3123.95,0.0244,0.003409764,1.5,-1,1
3131.821,0.0244,1.307486e-05,1.5,-1,1
3141.653,0.0244,1.972078e-05,1.5,-1,1
3152.587,0.0244,0.001395282,1.5,-1,1
3169.775,0.0244,0.0009897753,1.5,-1,1
3184.859,0.0244,0.001913976,1.5,-1,1
3187.785,0.0244,5.683239e-05,1.5,-1,1
3195.354,0.0244,0.0004928181,1.5,-1,1
3202.408,0.0244,8.906403e-05,1.5,-1,1
3209.203,0.0244,0.003810481,1.5,-1,1
3215.003,0.0244,0.003295531,1.5,-1,1
3224.249,0.0244,1.629722e-05,1.5,-1,1
3226.485,0.0244,3.745711e-05,1.5,-1,1
3229.588,0.0244,6.538686e-05,1.5,-1,1
3244.111,0.0244,0.000567098,1.5,-1,1
3254.839,0.0244,0.002389016,1.5,-1,1
3265.31,0.0244,0.0002654325,1.5,-1,1
3278.736,0.0244,4.941713e-05,1.5,-1,1
3284.995,0.0244,1.851171e-05,1.5,-1,1
3296.621,0.0244,5.038275e-05,1.5,-1,1
3302.8,0.0244,8.201714e-05,1.5,-1,1
3314.717,0.0244,0.0001252952,1.5,-1,1
3333.269,0.0244,0.00300037,1.5,-1,1
3357.854,0.0244,0.001129798,1.5,-1,1
3364.183,0.0244,0.002587579,1.5,-1,1
3366.749,0.0244,6.508312e-05,1.5,-1,1
3385.921,0.0244,0.006894915,1.5,-1,1
3393.354,0.0244,0.0002052907,1.5,-1,1
3399.551,0.0244,0.0006071024,1.5,-1,1
3406.697,0.0244,1.766865e-05,1.5,-1,1
3416.75,0.0244,0.002582815,1.5,-1,1
3432.739,0.0244,0.001006525,1.5,-1,1
3439.579,0.0244,0.001309876,1.5,-1,1
3454.379,0.0244,0.0001140134,1.5,-1,1
3463.439,0.0244,0.000125923,1.5,-1,1
3470.456,0.0244,0.0009920053,1.5,-1,1
3478.721,0.0244,0.001222963,1.5,-1,1
3492.571,0.0244,1.989598e-05,1.5,-1,1
3499.747,0.0244,0.0006217717,1.5,-1,1
3508.102,0.0244,3.822154e-05,1.5,-1,1
3515.537,0.0244,0.003215925,1.5,-1,1
3521.805,0.0244,0.002034864,1.5,-1,1
3538.236,0.0244,3.915509e-05,1.5,-1,1
3541.54,0.0244,2.088623e-05,1.5,-1,1
3551.07,0.0244,0.003000002,1.5,-1,1
3555.044,0.0244,0.0005493775,1.5,-1,1
3563.218,0.0244,6.749536e-05,1.5,-1,1
3570.666,0.0244,0.001008584,1.5,-1,1
3575.51,0.0244,7.440276e-05,1.5,-1,1
3590.69,0.0244,0.0005840022,1.5,-1,1
3593.817,0.0244,0.002151427,1.5,-1,1
3599.805,0.0244,0.002641892,1.5,-1,1
3608.277,0.0244,0.0005048699,1.5,-1,1
3612.032,0.0244,0.001597901,1.5,-1,1
3631.799,0.0244,2.011109e-05,1.5,-1,1
3637.088,0.0244,2.466716e-05,1.5,-1,1
3640.5,0.0244,0.0028,1.5,-1,1
3650.582,0.0244,0.002790205,1.5,-1,1
3670.554,0.0244,5.687776e-05,1.5,-1,1
3687.593,0.0244,3.704768e-06,1.5,-1,1
3693.012,0.0244,6.105297e-05,1.5,-1,1
3693.774,0.0244,0.0002066967,1.5,-1,1
3701.9,0.0244,3.023274e-05,1.5,-1,1
3716.022,0.0244,0.0006789843,1.5,-1,1
3723.698,0.0244,4.692715e-06,1.5,-1,1
3730.342,0.0244,0.002030343,1.5,-1,1
3733.578,0.0244,0.0001841109,1.5,-1,1
3743.299,0.0244,8.384843e-05,1.5,-1,1
3749.763,0.0244,0.0001396016,1.5,-1,1
3762.29,0.0244,0.001824088,1.5,-1,1
3764.125,0.0244,0.001405473,1.5,-1,1
3773.071,0.0244,5.18671e-06,1.5,-1,1
3778.017,0.0244,7.03817e-07,1.5,-1,1
3784.84,0.0244,1.1353e-06,1.5,-1,1
3798.127,0.0244,2.55077e-05,1.5,-1,1
3803.199,0.0244,6.675982e-06,1.5,-1,1
3812.501,0.0244,0.0001580482,1.5,-1,1
3816.465,0.0244,0.0005417741,1.5,-1,1
3817.191,0.0244,0.0002144937,1.5,-1,1
3837.757,0.0244,0.001257531,1.5,-1,1
3848.668,0.0244,0.0001864422,1.5,-1,1
3850.96,0.0244,8.488364e-05,1.5,-1,1
3859.823,0.0244,0.0002413517,1.5,-1,1
3910.532,0.0244,0.008580996,1.5,-1,1
