energy,Pu240 + photon [inclusive] width,n + Pu239 width,J,Pi,L
-6.909593,0.0391679,0.01974636,0,1,0
-0.2129374,0.02405091,2.699631e-05,0,1,0
-0.00732399,0.01516708,3.99239e-11,0,1,0
15.40986,0.04054259,0.001889368,0,1,0
32.33394,0.04182541,0.0008890288,0,1,0
47.39792,0.02938826,0.004184278,0,1,0
49.167,0.04448069,0.004351719,0,1,0
56.74816,0.05672256,0.006291219,0,1,0
59.82704,0.03898194,0.0334995,0,1,0
65.54118,0.03772029,0.007801077,0,1,0
72.24346,0.03142321,-9.214739e-05,0,1,0
80.67944,0.042,0.003787611,0,1,0
85.51973,0.051,0.04797643,0,1,0
96.23591,0.042,0.006640183,0,1,0
100.2558,0.042,0.03033674,0,1,0
114.1503,0.039,0.002472959,0,1,0
116.1927,0.039,0.01021997,0,1,0
131.4305,0.04380129,0.03729459,0,1,0
136.9292,0.03349058,0.01152357,0,1,0
147.1888,0.04010731,0.005191185,0,1,0
157.1277,0.03601941,0.03060402,0,1,0
170.8137,0.04350615,0.003603203,0,1,0
184.5164,0.04277047,0.02040157,0,1,0
191.8247,0.03939159,0.001166086,0,1,0
195.3445,0.02229571,0.05310224,0,1,0
204.0296,0.05250208,0.06599152,0,1,0
210.9119,0.03907835,0.003274179,0,1,0
213.3327,0.03943158,0.00901589,0,1,0
225.0397,0.0415006,0.01243965,0,1,0
230.3589,0.03956492,0.003799758,0,1,0
233.9565,0.03964911,0.009454109,0,1,0
256.0063,0.04009078,0.001132684,0,1,0
262.0958,0.04019009,0.08384819,0,1,0
275.0416,0.0434021,0.03982852,0,1,0
276.0455,0.03931186,0.03063665,0,1,0
291.2084,0.03681574,0.02466857,0,1,0
293.154,0.038443,0.0004964813,0,1,0
310.4526,0.03975185,0.002760209,0,1,0
323.7062,0.0403998,0.01651809,0,1,0
330.1633,0.04257778,0.006145106,0,1,0
346.5346,0.03751078,0.0109394,0,1,0
361.5828,0.03919859,0.003286775,0,1,0
365.0978,0.04428747,0.06239499,0,1,0
370.1085,0.04060435,0.0008158517,0,1,0
373.761,0.04374821,0.002644379,0,1,0
387.5805,0.0417709,0.003120283,0,1,0
420.5433,0.03846921,0.008042137,0,1,0
426.2298,0.04147834,0.02051328,0,1,0
433.2824,0.04072026,0.01708623,0,1,0
442.943,0.04269684,0.0224614,0,1,0
456.2315,0.03973328,0.07922985,0,1,0
468.5063,0.04352881,0.01977416,0,1,0
475.6289,0.04301155,0.03366948,0,1,0
475.8448,0.04213734,0.005768649,0,1,0
488.2632,0.04331299,0.02005104,0,1,0
491.5035,0.04335213,0.04233711,0,1,0
510.1937,0.03813398,4.773219e-05,0,1,0
510.2756,0.04308014,0.1182698,0,1,0
524.4079,0.04346788,0.2623182,0,1,0
530.9419,0.04269371,2.816268e-05,0,1,0
546.2129,0.0407372,0.03749327,0,1,0
554.7024,0.05567653,0.1145933,0,1,0
563.0585,0.03986144,0.04226591,0,1,0
573.5514,0.0407921,0.008854716,0,1,0
574.6056,0.05311546,0.1522749,0,1,0
598.0796,0.04079652,0.02714635,0,1,0
633.1313,0.04792362,0.07142059,0,1,0
643.0404,0.04419358,0.006205395,0,1,0
647.0339,0.0426536,0.003032551,0,1,0
658.6311,0.03677751,0.04653029,0,1,0
673.0491,0.03939835,0.004700633,0,1,0
682.3949,0.04731281,0.03206854,0,1,0
684.076,0.04528294,0.02014417,0,1,0
693.891,0.06109776,0.01046494,0,1,0
700.779,0.04293751,0.004407535,0,1,0
726.3685,0.04309591,0.001356159,0,1,0
731.916,0.04485396,0.01277411,0,1,0
738.2666,0.06246509,0.02924235,0,1,0
757.5572,0.05366048,0.07719269,0,1,0
775.7564,0.03612785,0.003331604,0,1,0
789.3269,0.03877782,0.006156167,0,1,0
796.7444,0.04084429,0.1396073,0,1,0
804.7833,0.04227652,0.02888342,0,1,0
824.2477,0.04522227,0.02274336,0,1,0
831.702,0.03964252,0.005725294,0,1,0
843.1365,0.05256548,0.127656,0,1,0
853.4427,0.04242655,0.01790115,0,1,0
856.626,0.04026735,0.02639135,0,1,0
881.0022,0.03959547,0.00209322,0,1,0
898.0178,0.038336,0.001248783,0,1,0
906.5931,0.04046201,0.06930037,0,1,0
911.2725,0.04045764,0.000898608,0,1,0
912.7901,0.03668998,0.04379111,0,1,0
925.598,0.04262094,0.01244227,0,1,0
937.5815,0.03995892,0.05437239,0,1,0
946.4894,0.03777355,0.002388175,0,1,0
971.9725,0.02559839,0.04635105,0,1,0
980.2499,0.04623096,0.09076698,0,1,0
1002.554,0.04416785,0.05417743,0,1,0
1008.9,0.03971568,0.005155529,0,1,0
1025.319,0.05805025,0.02908529,0,1,0
1047.892,0.04554386,0.0974965,0,1,0
1056.145,0.0424176,0.04526473,0,1,0
1071.81,0.04323569,0.004034504,0,1,0
1073.394,0.03841129,0.01026473,0,1,0
1077.439,0.0395394,0.002274147,0,1,0
1091.502,0.04321113,0.05794815,0,1,0
1103.543,0.04046482,0.06130753,0,1,0
1104.558,0.0393248,0.03592723,0,1,0
1115.538,0.04207079,0.01858616,0,1,0
1124.687,0.04021372,0.02344941,0,1,0
1137.387,0.03901862,0.01426252,0,1,0
1139.563,0.05014858,0.2118319,0,1,0
1168.459,0.04002132,0.00110776,0,1,0
1175.099,0.04343279,0.0431853,0,1,0
1184.464,0.0522995,0.1082804,0,1,0
1205.94,0.03846141,0.01748212,0,1,0
1211.416,0.04018796,0.1209304,0,1,0
1232.945,0.04210576,0.04080091,0,1,0
1237.606,0.04232187,0.02703125,0,1,0
1245.217,0.03664903,0.00756034,0,1,0
1246.081,0.04544878,0.04171094,0,1,0
1267.0,0.04712075,0.08251922,0,1,0
1282.911,0.02250198,0.08352343,0,1,0
1287.714,0.05114911,0.03405986,0,1,0
1297.212,0.03630446,0.04613745,0,1,0
1298.87,0.04064681,0.009098244,0,1,0
1308.162,0.03724239,0.03906151,0,1,0
1316.202,0.04097227,0.01001154,0,1,0
1321.034,0.04360998,0.006808382,0,1,0
1332.646,0.04154205,0.05535557,0,1,0
1334.953,0.045124,0.08483539,0,1,0
1344.141,0.04269867,0.008253147,0,1,0
1347.684,0.03593943,0.01071984,0,1,0
1356.492,0.04117607,0.1010299,0,1,0
1378.266,0.03375397,0.01199426,0,1,0
1383.593,0.03966689,0.004523367,0,1,0
1389.991,0.0410217,0.03299697,0,1,0
1414.733,0.03990486,0.06575344,0,1,0
1428.371,0.03978262,0.003757278,0,1,0
1444.581,0.04180735,0.03086357,0,1,0
1451.408,0.03934766,0.1064066,0,1,0
1456.368,0.03480047,0.03230195,0,1,0
1471.137,0.04193597,0.02659931,0,1,0
1481.539,0.0405136,0.07105562,0,1,0
1492.067,0.03897466,0.01621298,0,1,0
1499.255,0.04137739,0.03449525,0,1,0
1503.649,0.0486605,0.01182565,0,1,0
1508.642,0.04218317,0.01091118,0,1,0
1522.868,0.04044025,0.08600771,0,1,0
1523.553,0.04366472,0.008347426,0,1,0
1538.514,0.04064984,0.006976468,0,1,0
1563.159,0.04360683,0.003916146,0,1,0
1580.711,0.038969,0.005897046,0,1,0
1584.764,0.0397142,0.01240003,0,1,0
1592.747,0.04029342,0.001276303,0,1,0
1602.647,0.04580371,0.02948669,0,1,0
1619.192,0.04391703,0.06177971,0,1,0
1621.427,0.03924169,0.05952901,0,1,0
1630.047,0.03685052,0.07035082,0,1,0
1639.67,0.04167975,5.681752e-05,0,1,0
1645.983,0.04590595,0.02956104,0,1,0
1655.371,0.0434236,0.004351598,0,1,0
1668.813,0.04227635,0.07729504,0,1,0
1675.062,0.03947483,0.01388188,0,1,0
1686.825,0.03843721,0.03708015,0,1,0
1741.864,0.0392107,0.004926828,0,1,0
1751.629,0.03932911,0.008154942,0,1,0
1761.357,0.03981958,0.007579223,0,1,0
1785.698,0.04047164,0.007678854,0,1,0
1788.619,0.03945081,0.1196241,0,1,0
1812.881,0.0382183,0.009598033,0,1,0
1825.388,0.05126171,0.1102905,0,1,0
1827.812,0.03889639,0.0263921,0,1,0
1843.935,0.03923165,0.02302413,0,1,0
1847.582,0.03981562,0.006843704,0,1,0
1855.443,0.04391652,0.1450493,0,1,0
1868.075,0.04667733,0.02252001,0,1,0
1881.706,0.03726952,0.02379599,0,1,0
1900.737,0.03947625,0.003052191,0,1,0
1908.022,0.04064975,0.006923516,0,1,0
1916.674,0.03909247,0.00368889,0,1,0
1932.1,0.03934661,0.001016032,0,1,0
1938.519,0.04867894,0.06562436,0,1,0
1940.569,0.0398242,0.0113131,0,1,0
1957.01,0.03958476,0.008067169,0,1,0
1980.812,0.0361202,0.008475523,0,1,0
1984.434,0.02214625,0.05062214,0,1,0
2002.9,0.03756603,0.00620442,0,1,0
2010.509,0.03929363,0.005492649,0,1,0
2016.624,0.0501425,0.03175696,0,1,0
2031.942,0.03882435,0.01068772,0,1,0
2033.37,0.01783553,0.002174148,0,1,0
2040.579,0.0401309,0.003790059,0,1,0
2048.418,0.03728365,0.02021351,0,1,0
2052.678,0.03338492,0.001402442,0,1,0
2073.072,0.03971789,0.009593372,0,1,0
2090.387,0.03864207,0.006155835,0,1,0
2102.623,0.03604469,0.00606139,0,1,0
2113.152,0.03945213,0.007274311,0,1,0
2118.14,0.04147475,0.01217427,0,1,0
2129.15,0.03944103,0.04327626,0,1,0
2133.05,0.03849405,0.00322328,0,1,0
2148.849,0.04656564,0.1569393,0,1,0
2156.107,0.04594696,0.0009329265,0,1,0
2173.679,0.03902123,0.009225204,0,1,0
2193.675,0.03742445,0.07968324,0,1,0
2206.175,0.0463002,0.03798299,0,1,0
2216.826,0.04007261,0.009431084,0,1,0
2226.063,0.04005833,0.01163192,0,1,0
2243.862,0.0412377,0.135489,0,1,0
2252.934,0.0354465,0.04989203,0,1,0
2265.29,0.03906788,0.008978135,0,1,0
2274.64,0.04225598,0.01614675,0,1,0
2286.794,0.03628915,0.01877653,0,1,0
2300.401,0.03525766,0.002425357,0,1,0
2317.992,0.05875229,0.1524516,0,1,0
2331.33,0.04034352,0.1088398,0,1,0
2343.803,0.03926941,0.007549802,0,1,0
2362.851,0.05141165,0.03030552,0,1,0
2376.886,0.03943538,0.00900278,0,1,0
2399.331,0.03947846,0.01469698,0,1,0
2411.289,0.04565647,0.02656516,0,1,0
2427.345,0.03775351,0.06946593,0,1,0
2432.647,0.05270107,0.005787052,0,1,0
2447.514,0.0399952,0.1099808,0,1,0
2459.439,0.04406361,0.01077953,0,1,0
2474.567,0.04300423,0.006993946,0,1,0
2480.019,0.03899041,0.001504193,0,1,0
2509.768,0.04,0.1903797,0,1,0
2527.941,0.04,0.0004107365,0,1,0
2535.093,0.04,-0.00196275,0,1,0
2553.842,0.04,0.03417801,0,1,0
2562.095,0.04,0.08642185,0,1,0
2582.271,0.04,0.001337597,0,1,0
2586.097,0.04,0.01480317,0,1,0
2587.531,0.04,0.04417272,0,1,0
2604.083,0.04,0.07494529,0,1,0
2614.722,0.04,0.02553264,0,1,0
2625.718,0.04,0.1438116,0,1,0
2635.113,0.04,0.01297157,0,1,0
2639.054,0.04,0.000585391,0,1,0
2639.06,0.04,0.01518763,0,1,0
2642.883,0.04,0.000792299,0,1,0
2654.607,0.04,0.01221284,0,1,0
2661.328,0.04,0.01829373,0,1,0
2666.526,0.04,0.01840245,0,1,0
2676.317,0.04,0.1855386,0,1,0
2695.401,0.04,0.0003584771,0,1,0
2701.282,0.04,0.02532423,0,1,0
2710.066,0.04,0.123473,0,1,0
2710.825,0.04,0.03861759,0,1,0
2733.406,0.04,0.01647194,0,1,0
2759.89,0.04,0.003514817,0,1,0
2773.565,0.04,0.1671312,0,1,0
2774.606,0.04,0.08253603,0,1,0
2783.36,0.04,0.0246431,0,1,0
2788.052,0.04,0.03410891,0,1,0
2798.912,0.04,0.113474,0,1,0
2804.656,0.04,0.01553771,0,1,0
2812.41,0.04,0.004298901,0,1,0
2838.577,0.04,0.1498922,0,1,0
2845.836,0.04,0.06274501,0,1,0
2854.822,0.04,0.004899849,0,1,0
2870.671,0.04,0.0005793321,0,1,0
2882.398,0.04,0.00011359,0,1,0
2882.634,0.04,0.005824499,0,1,0
2898.571,0.04,0.01328851,0,1,0
2903.345,0.04,0.004043983,0,1,0
2903.545,0.04,0.08907259,0,1,0
2906.92,0.04,0.0150394,0,1,0
2914.221,0.04,0.002068402,0,1,0
2915.751,0.04,0.0003729102,0,1,0
2963.452,0.04,0.09161211,0,1,0
2963.524,0.04,0.00350136,0,1,0
2975.494,0.04,0.05632517,0,1,0
2975.742,0.04,0.02194555,0,1,0
2977.731,0.04,0.01192521,0,1,0
3001.27,0.04,0.01177137,0,1,0
3001.452,0.04,0.007307888,0,1,0
3026.925,0.04,0.03276278,0,1,0
3033.975,0.04,0.008019809,0,1,0
3038.794,0.04,0.01202675,0,1,0
3042.077,0.04,0.01053971,0,1,0
3061.543,0.04,0.272117,0,1,0
3079.702,0.04,0.00102163,0,1,0
3086.842,0.04,0.03902362,0,1,0
3097.145,0.04,0.01606048,0,1,0
3105.725,0.04,1.030695e-05,0,1,0
3126.16,0.04,0.0127447,0,1,0
3135.153,0.04,0.01910691,0,1,0
3144.308,0.04,0.03643985,0,1,0
3156.822,0.04,0.004187885,0,1,0
3157.998,0.04,0.2646059,0,1,0
3163.751,0.04,0.01884116,0,1,0
3173.225,0.04,0.04566775,0,1,0
3180.393,0.04,0.04602949,0,1,0
3197.032,0.04,0.6459991,0,1,0
3210.331,0.04,0.07227815,0,1,0
3210.56,0.04,0.001566322,0,1,0
3228.996,0.04,0.02234224,0,1,0
3230.998,0.04,0.008189402,0,1,0
3245.095,0.04,0.08741942,0,1,0
3245.321,0.04,0.02397141,0,1,0
3270.415,0.04,0.7298349,0,1,0
3274.25,0.04,0.004876629,0,1,0
3290.903,0.04,0.1003338,0,1,0
3300.035,0.04,0.08394927,0,1,0
3312.73,0.04,0.006706073,0,1,0
3317.455,0.04,0.01531746,0,1,0
3319.424,0.04,0.07213143,0,1,0
3323.976,0.04,0.03668291,0,1,0
3328.485,0.04,0.04158618,0,1,0
3331.174,0.04,0.003660879,0,1,0
3341.791,0.04,0.009873803,0,1,0
3364.915,0.04,0.1614403,0,1,0
3368.028,0.04,0.1218172,0,1,0
3381.737,0.04,0.02743363,0,1,0
3407.68,0.04,0.008650271,0,1,0
3414.432,0.04,0.02419179,0,1,0
3417.569,0.04,0.2129165,0,1,0
3431.764,0.04,0.002393654,0,1,0
3432.656,0.04,0.002145059,0,1,0
3439.917,0.04,0.003757203,0,1,0
3453.665,0.04,0.0580685,0,1,0
3459.443,0.04,0.1267612,0,1,0
3474.839,0.04,0.0216693,0,1,0
3489.422,0.04,0.009813312,0,1,0
3498.831,0.04,0.00291524,0,1,0
3504.925,0.04,0.1607803,0,1,0
3507.197,0.04,0.01347813,0,1,0
3519.04,0.04,0.02126262,0,1,0
3524.916,0.04,0.1543491,0,1,0
3539.698,0.04,0.01364288,0,1,0
3550.136,0.04,0.01170891,0,1,0
3562.427,0.04,2.423514e-06,0,1,0
3580.835,0.04,0.05062277,0,1,0
3580.939,0.04,0.002917858,0,1,0
3586.237,0.04,0.05533677,0,1,0
3597.854,0.04,0.02437254,0,1,0
3603.622,0.04,2.654488e-05,0,1,0
3604.116,0.04,0.02439191,0,1,0
3621.035,0.04,0.003825653,0,1,0
3626.496,0.04,0.01281332,0,1,0
3645.658,0.04,0.006530293,0,1,0
3647.038,0.04,0.003274259,0,1,0
3652.804,0.04,0.5857096,0,1,0
3664.223,0.04,0.1428041,0,1,0
3684.618,0.04,0.062589,0,1,0
3687.594,0.04,0.04096284,0,1,0
3704.048,0.04,0.01682797,0,1,0
3705.129,0.04,0.03729484,0,1,0
3728.602,0.04,0.001902059,0,1,0
3737.587,0.04,0.02716251,0,1,0
3741.682,0.04,0.1211161,0,1,0
3745.479,0.04,0.04540218,0,1,0
3766.166,0.04,0.01224522,0,1,0
3766.541,0.04,0.05839255,0,1,0
3770.529,0.04,0.02335873,0,1,0
3788.244,0.04,0.02911044,0,1,0
3805.149,0.04,0.3740405,0,1,0
3808.199,0.04,0.05886425,0,1,0
3819.716,0.04,0.0156603,0,1,0
3821.979,0.04,0.4868393,0,1,0
3831.734,0.04,0.008515647,0,1,0
3832.669,0.04,0.09205504,0,1,0
3847.852,0.04,0.0007606908,0,1,0
3853.088,0.04,0.04260197,0,1,0
3860.602,0.04,0.07440314,0,1,0
3871.611,0.04,0.1221174,0,1,0
3886.729,0.04,0.1688009,0,1,0
3903.996,0.04,0.009410036,0,1,0
3905.643,0.04,0.001787231,0,1,0
3906.258,0.04,0.01423875,0,1,0
3907.328,0.04,0.001569288,0,1,0
3915.346,0.04,0.06717471,0,1,0
3919.593,0.04,0.0839358,0,1,0
3949.44,0.04,0.03968944,0,1,0
3955.686,0.04,0.09184432,0,1,0
3963.24,0.04,0.6146451,0,1,0
3966.057,0.04,0.0007231624,0,1,0
3977.402,0.04,7.668858e-05,0,1,0
3979.304,0.04,0.01922972,0,1,0
3995.676,0.04,0.00293626,0,1,0
4003.894,0.04,0.002937032,0,1,0
4006.021,0.04,0.02889376,0,1,0
4011.43,0.04,0.017154,0,1,0
4026.864,0.04,0.09474031,0,1,0
4032.427,0.04,0.04720957,0,1,0
4035.701,0.04,0.03743235,0,1,0
4041.499,0.04,0.0008960289,0,1,0
4059.803,0.04,0.01580668,0,1,0
4064.054,0.04,0.003013932,0,1,0
4069.831,0.04,0.007131441,0,1,0
4083.512,0.04,0.02877245,0,1,0
4099.604,0.04,0.005157765,0,1,0
4101.834,0.04,0.0003123585,0,1,0
4125.935,0.04,0.3970131,0,1,0
4131.588,0.04,0.01184684,0,1,0
4140.85,0.04,0.1539428,0,1,0
4157.637,0.04,0.005115031,0,1,0
4157.716,0.04,0.009151329,0,1,0
4158.632,0.04,0.008785747,0,1,0
4174.218,0.04,0.3688443,0,1,0
4190.443,0.04,0.0236057,0,1,0
4193.123,0.04,0.004935476,0,1,0
4214.043,0.04,0.3698827,0,1,0
4231.312,0.04,0.0212296,0,1,0
4242.952,0.04,0.01529031,0,1,0
4256.198,0.04,0.004310717,0,1,0
4260.058,0.04,0.01683617,0,1,0
4274.091,0.04,0.0003273918,0,1,0
4285.496,0.04,0.1121324,0,1,0
4313.972,0.04,0.2075998,0,1,0
4322.04,0.04,0.01050059,0,1,0
4325.437,0.04,0.0001552073,0,1,0
4330.357,0.04,6.290487e-05,0,1,0
4338.382,0.04,0.2861477,0,1,0
4340.64,0.04,0.01955889,0,1,0
4357.387,0.04,0.06783466,0,1,0
4365.352,0.04,0.1773094,0,1,0
4382.249,0.04,0.2201054,0,1,0
4391.059,0.04,0.04210184,0,1,0
4408.519,0.04,0.03241316,0,1,0
4420.679,0.04,0.1767955,0,1,0
4428.437,0.04,0.04171971,0,1,0
4445.657,0.04,0.03907255,0,1,0
4452.532,0.04,0.1928037,0,1,0
4461.538,0.04,0.1180816,0,1,0
4478.326,0.04,0.01673837,0,1,0
4478.861,0.04,0.04525802,0,1,0
4479.691,0.04,4.443926e-05,0,1,0
4495.812,0.04,5.072363e-06,0,1,0
4498.817,0.04,0.003121272,0,1,0
4501.445,0.04,0.3451479,0,1,0
4530.699,0.04,0.09170019,0,1,0
4534.443,0.04,0.00153915,0,1,0
4540.273,0.04,0.3159561,0,1,0
4560.931,0.04,0.0007123546,0,1,0
4561.3,0.04,0.001890917,0,1,0
4584.302,0.04,0.004762866,0,1,0
4591.87,0.04,0.001723734,0,1,0
4596.846,0.04,0.7302762,0,1,0
4599.609,0.04,0.03355129,0,1,0
4609.665,0.04,0.00113461,0,1,0
4624.984,0.04,0.003601375,0,1,0
4627.721,0.04,0.01388821,0,1,0
4640.055,0.04,0.03555707,0,1,0
4642.027,0.04,0.01362211,0,1,0
4644.243,0.04,0.03809287,0,1,0
4655.472,0.04,0.02083516,0,1,0
4669.804,0.04,0.03460836,0,1,0
4676.218,0.04,0.04977301,0,1,0
4705.716,0.04,0.2220828,0,1,0
4707.515,0.04,0.03731712,0,1,0
4713.612,0.04,0.05222521,0,1,0
4725.235,0.04,0.03497055,0,1,0
4730.13,0.04,0.21245,0,1,0
4747.824,0.04,0.08828664,0,1,0
4749.58,0.04,0.01522967,0,1,0
4756.024,0.04,0.005289428,0,1,0
4759.162,0.04,3.710629e-05,0,1,0
4773.702,0.04,0.006217346,0,1,0
4776.396,0.04,0.005226321,0,1,0
4787.577,0.04,0.005199956,0,1,0
4810.334,0.04,0.01700111,0,1,0
4823.268,0.04,0.008422597,0,1,0
4827.16,0.04,1.808739,0,1,0
4832.708,0.04,0.02350096,0,1,0
4835.994,0.04,0.001175509,0,1,0
4869.757,0.04,0.001173892,0,1,0
4886.039,0.04,0.006549298,0,1,0
4886.139,0.04,0.01123075,0,1,0
4897.762,0.04,0.0198439,0,1,0
4909.002,0.04,0.04605395,0,1,0
4918.778,0.04,0.009681901,0,1,0
4929.924,0.04,0.0003776348,0,1,0
4931.001,0.04,0.0008011689,0,1,0
4954.896,0.04,0.06021753,0,1,0
4980.644,0.04,0.005817978,0,1,0
5012.0,0.03927,0.4412,0,1,0
-150.02,0.04119705,0.5099776,1,1,0
-8.068555,0.04932027,0.0001572197,1,1,0
0.2958948,0.03988637,8.107608e-05,1,1,0
7.821985,0.04045782,0.0008039479,1,1,0
10.93149,0.03652167,0.001811482,1,1,0
11.90851,0.03568766,0.001013679,1,1,0
14.3303,0.02964359,0.000615543,1,1,0
14.68669,0.03269264,0.001961328,1,1,0
17.6653,0.03332926,0.001812861,1,1,0
22.25349,0.03154194,0.002672944,1,1,0
23.93603,0.03697286,8.993224e-05,1,1,0
26.27735,0.04279416,0.00158196,1,1,0
27.33282,0.03653109,0.0001499456,1,1,0
35.496,0.03954051,0.0002925819,1,1,0
41.4978,0.03680347,0.004137962,1,1,0
41.76735,0.02755986,0.0008731959,1,1,0
44.54397,0.0405258,0.006338867,1,1,0
50.15872,0.02177446,0.002981181,1,1,0
52.66942,0.04462903,0.009692145,1,1,0
55.7215,0.03753685,0.001474079,1,1,0
59.30441,0.03388975,0.004525075,1,1,0
63.18527,0.0385891,0.0006747924,1,1,0
65.85113,0.04542752,0.01003172,1,1,0
74.18497,0.03175752,0.00324757,1,1,0
75.06204,0.04103538,0.0213613,1,1,0
79.09457,0.0634478,6.331955e-05,1,1,0
82.80152,0.04685,0.0003302993,1,1,0
85.63984,0.02618,0.006993242,1,1,0
90.85484,0.03399,0.01216419,1,1,0
93.07943,0.03764,0.0006859974,1,1,0
95.50517,0.06316,0.002063776,1,1,0
103.1473,0.0390179,0.00161336,1,1,0
105.4491,0.0369572,0.00487861,1,1,0
106.8242,0.0401859,0.01049629,1,1,0
110.5424,0.039,0.0005098179,1,1,0
115.1523,0.039,0.0005261977,1,1,0
119.0031,0.0405001,0.01816535,1,1,0
121.166,0.03475467,0.002668347,1,1,0
123.6129,0.05448998,0.0005731746,1,1,0
126.3795,0.04433934,0.001733708,1,1,0
127.7049,0.03807883,0.0005429547,1,1,0
133.9704,0.03706473,0.00597357,1,1,0
139.4379,0.04046013,9.430294e-05,1,1,0
143.1433,0.02919127,0.003341271,1,1,0
143.6628,0.03703204,0.004503913,1,1,0
146.458,0.03943747,0.00753214,1,1,0
148.4239,0.04105206,0.0003229606,1,1,0
149.6312,0.03747636,0.001606154,1,1,0
157.1508,0.03918334,0.001386888,1,1,0
162.1292,0.04025781,0.0001120563,1,1,0
164.6979,0.04456044,0.02826034,1,1,0
167.2728,0.04167247,0.006252513,1,1,0
170.0478,0.03764917,0.0001289593,1,1,0
170.6448,0.03683407,0.0004443405,1,1,0
171.3213,0.03909383,2.34567e-05,1,1,0
176.1552,0.0473979,0.002204997,1,1,0
177.3872,0.04074615,0.003704744,1,1,0
179.0728,0.03635043,0.001235033,1,1,0
183.8133,0.03813775,0.001602681,1,1,0
188.4481,0.04169582,0.0006478697,1,1,0
190.8197,0.04384543,0.001710078,1,1,0
196.899,0.03745528,0.003997132,1,1,0
199.5904,0.04432589,0.009175148,1,1,0
203.6041,0.03239595,0.001487209,1,1,0
207.5772,0.044346,0.007341845,1,1,0
213.4799,0.04107989,0.0003550267,1,1,0
215.3817,0.04160829,3.028446e-05,1,1,0
216.7501,0.03567796,0.00638706,1,1,0
219.6905,0.03774929,0.003612045,1,1,0
220.446,0.03827461,0.007778,1,1,0
223.3815,0.03546319,0.003366908,1,1,0
225.1071,0.04765063,0.001789605,1,1,0
228.1149,0.0409005,0.001840605,1,1,0
231.6242,0.03779987,0.01281025,1,1,0
232.8258,0.03347397,0.0003840747,1,1,0
234.5437,0.03360264,0.01031724,1,1,0
239.2795,0.03857938,0.005646793,1,1,0
240.3862,0.03966599,3.866997e-05,1,1,0
243.1184,0.03593803,0.006731999,1,1,0
247.7458,0.03878265,0.0007877536,1,1,0
249.098,0.03627066,0.01508956,1,1,0
251.4729,0.03337172,0.02957592,1,1,0
254.822,0.03966213,0.002995052,1,1,0
256.3508,0.04063503,0.005781056,1,1,0
259.2688,0.04121986,0.0002597889,1,1,0
262.9836,0.0391385,0.002330659,1,1,0
264.5695,0.03556779,0.0001500993,1,1,0
269.3132,0.03571531,0.001089703,1,1,0
269.8052,0.03143269,0.004231469,1,1,0
272.887,0.0393893,0.02641597,1,1,0
275.8539,0.03998626,0.02189887,1,1,0
279.8288,0.03090389,0.007949001,1,1,0
283.1924,0.03860662,0.02760935,1,1,0
286.0094,0.04025295,0.0001821891,1,1,0
288.3186,0.03952563,8.369161e-05,1,1,0
292.6236,0.03176599,0.003581101,1,1,0
296.7631,0.04347556,0.003456134,1,1,0
298.8933,0.04831328,0.01057196,1,1,0
302.1315,0.04360863,0.01954413,1,1,0
308.5501,0.03185492,0.003212166,1,1,0
309.3211,0.04918974,0.01404436,1,1,0
311.454,0.03254685,0.0002784769,1,1,0
313.9416,0.0357359,0.01485344,1,1,0
316.9857,0.03782196,0.005824513,1,1,0
323.7011,0.08143225,0.01931696,1,1,0
325.6305,0.02796051,0.00839007,1,1,0
334.2629,0.06126662,0.006144012,1,1,0
336.2744,0.04309744,0.01534442,1,1,0
338.3034,0.05866363,0.008548044,1,1,0
339.5935,0.03644792,0.003719351,1,1,0
343.545,0.03477121,0.01667143,1,1,0
350.6748,0.03652749,0.02217274,1,1,0
353.1698,0.03803297,0.003938987,1,1,0
355.2896,0.04112377,0.0003665142,1,1,0
360.3704,0.05284381,0.001195624,1,1,0
361.7474,0.03967719,0.0002068583,1,1,0
368.6159,0.04040011,0.0002601448,1,1,0
370.7125,0.0541667,0.002986421,1,1,0
375.4175,0.03746791,0.002893745,1,1,0
377.485,0.03925996,0.001829547,1,1,0
378.4441,0.05074818,0.001081029,1,1,0
382.7942,0.0397307,0.0003555946,1,1,0
384.6697,0.02802594,0.006086825,1,1,0
387.0497,0.04373636,0.0002051957,1,1,0
389.9339,0.03601872,0.00148612,1,1,0
391.9214,0.03862653,0.00103315,1,1,0
394.8471,0.04859272,0.006978642,1,1,0
397.3146,0.03395739,0.001930716,1,1,0
402.0245,0.03660109,0.0196137,1,1,0
404.6158,0.03707319,0.02283053,1,1,0
406.4733,0.03799614,0.001228004,1,1,0
407.4915,0.03587424,0.0008260965,1,1,0
409.1599,0.0410757,0.001168026,1,1,0
412.7582,0.03540607,0.009268348,1,1,0
416.1113,0.04063137,0.003000298,1,1,0
418.0572,0.0451388,0.001276582,1,1,0
420.2763,0.03614157,0.005600692,1,1,0
426.0749,0.04071665,0.0002545098,1,1,0
430.0971,0.04353171,0.003830599,1,1,0
433.2985,0.03994403,0.0006099081,1,1,0
438.2074,0.03756978,0.002872445,1,1,0
439.252,0.02377536,0.00321166,1,1,0
440.52,0.0353104,0.0003374437,1,1,0
447.0582,0.03566869,0.0001371521,1,1,0
450.2861,0.0388086,0.0009738762,1,1,0
451.8288,0.0332798,0.01463531,1,1,0
455.1891,0.04127246,0.0008430114,1,1,0
457.8219,0.05290556,0.007158347,1,1,0
459.3287,0.03363276,0.004501274,1,1,0
461.7504,0.03567143,0.002100553,1,1,0
463.1455,0.03542058,0.0006042158,1,1,0
466.2926,0.03901289,0.0001838951,1,1,0
473.6134,0.03530062,0.004439993,1,1,0
479.6936,0.04044506,0.0002081259,1,1,0
484.6631,0.03861902,0.00261986,1,1,0
494.6404,0.04506322,0.00519486,1,1,0
496.1811,0.03975851,0.0006832738,1,1,0
501.0623,0.0339047,0.003829171,1,1,0
503.3898,0.08365237,0.01316068,1,1,0
506.5039,0.04713329,0.00032508,1,1,0
510.3476,0.04209886,0.03356836,1,1,0
515.6446,0.04036645,0.0004804609,1,1,0
517.4718,0.03903992,6.51689e-05,1,1,0
518.5973,0.04149632,0.0006521969,1,1,0
520.7959,0.04378416,0.01571159,1,1,0
524.7922,0.02738258,0.03906734,1,1,0
526.6476,0.03904258,0.001464402,1,1,0
527.9903,0.04180917,0.001622673,1,1,0
529.2285,0.04069623,0.0005625837,1,1,0
531.1301,0.04038763,0.05696023,1,1,0
539.779,0.02387914,0.01282953,1,1,0
541.2004,0.0371053,0.001821535,1,1,0
542.1848,0.04040394,0.004727389,1,1,0
543.6895,0.07566264,0.01234179,1,1,0
550.2808,0.0501298,0.01201711,1,1,0
554.1936,0.03744486,0.01264568,1,1,0
556.2079,0.04188664,0.001534758,1,1,0
559.783,0.0467933,0.02225768,1,1,0
563.4896,0.03844403,0.01950865,1,1,0
564.6361,0.04074887,0.007382799,1,1,0
566.4373,0.03889455,0.00984279,1,1,0
571.7242,0.0389848,0.007359657,1,1,0
576.4709,0.04097592,0.04203423,1,1,0
578.6653,0.03111873,0.00171064,1,1,0
579.7056,0.03523548,0.006379925,1,1,0
585.4947,0.04261583,0.0006935304,1,1,0
588.7646,0.06964469,0.01232935,1,1,0
590.4543,0.03756981,0.0002357958,1,1,0
594.2537,0.03204129,0.00186545,1,1,0
597.9925,0.03115084,0.008579008,1,1,0
604.6828,0.02968405,0.02440311,1,1,0
608.3527,0.03135006,0.00974716,1,1,0
609.9794,0.03454292,0.01626998,1,1,0
613.5104,0.04875523,0.005729967,1,1,0
621.5368,0.03741849,0.01165526,1,1,0
623.2829,0.06051346,0.008989865,1,1,0
625.8711,0.04082782,0.00785667,1,1,0
628.8862,0.04114645,0.001605952,1,1,0
637.1831,0.05216232,0.004707509,1,1,0
639.977,0.03110222,0.008507162,1,1,0
642.4908,0.04241774,0.0002188778,1,1,0
645.6749,0.06397754,0.00703484,1,1,0
647.1573,0.04368392,0.0004472744,1,1,0
651.2332,0.03800996,0.0002585908,1,1,0
653.1808,0.03894073,0.0001923514,1,1,0
659.3127,0.07703811,0.05150097,1,1,0
662.5194,0.03107767,0.000324669,1,1,0
667.1057,0.04731737,0.002236299,1,1,0
669.8304,0.04195664,0.003455873,1,1,0
672.0816,0.02828754,0.01550733,1,1,0
673.4222,0.03700536,0.0004842929,1,1,0
675.0237,0.03916991,0.002157034,1,1,0
676.3086,0.0414652,0.0008782527,1,1,0
682.0502,0.03863383,0.001536165,1,1,0
684.6259,0.04037643,0.006830996,1,1,0
686.5469,0.03856379,0.0007556816,1,1,0
688.4465,0.02496324,0.01404772,1,1,0
692.6343,0.04719673,0.004919632,1,1,0
698.5133,0.03433936,0.0002301626,1,1,0
706.9121,0.0388019,0.002585779,1,1,0
707.5945,0.03818873,0.01016513,1,1,0
709.0835,0.04114392,0.000203964,1,1,0
710.5788,0.04407402,0.0002051269,1,1,0
713.1263,0.04684606,0.01028843,1,1,0
713.9648,0.05309077,0.006196153,1,1,0
717.4008,0.03044653,0.01168664,1,1,0
718.7747,0.03560543,0.007321612,1,1,0
720.5412,0.04443304,0.0001512268,1,1,0
727.8145,0.03153174,0.002910537,1,1,0
733.1338,0.03908557,0.008461608,1,1,0
734.6152,0.03581889,0.0007874185,1,1,0
739.5992,0.06556145,0.004327138,1,1,0
744.5673,0.04369908,0.01270764,1,1,0
746.9769,0.04119231,0.01459822,1,1,0
749.235,0.03523531,0.001189372,1,1,0
750.7222,0.03295338,0.002052509,1,1,0
753.3556,0.03702278,0.03973887,1,1,0
755.2112,0.04486952,0.001723501,1,1,0
757.9667,0.04778312,0.004304816,1,1,0
764.6889,0.06629032,0.008850496,1,1,0
767.0269,0.03707256,0.003115303,1,1,0
773.7808,0.04423599,0.006915368,1,1,0
777.5892,0.05083407,0.01052093,1,1,0
780.8813,0.03461434,0.002170645,1,1,0
781.7138,0.03818024,0.01365103,1,1,0
782.6032,0.04374059,0.002223393,1,1,0
784.6159,0.03784303,0.002495259,1,1,0
787.0458,0.03852299,0.009597678,1,1,0
790.4458,0.03970871,0.001465068,1,1,0
795.6782,0.03121138,0.007531253,1,1,0
800.8529,0.03966945,0.003772045,1,1,0
805.4825,0.04413116,0.0005894364,1,1,0
806.9428,0.04286197,0.007674317,1,1,0
810.9481,0.02970891,0.0007320983,1,1,0
816.5517,0.02854985,0.0138233,1,1,0
820.5812,0.02553094,0.005666693,1,1,0
825.1383,0.03915242,0.005050538,1,1,0
829.6925,0.04969616,0.02960109,1,1,0
832.8677,0.02699405,0.00157597,1,1,0
836.0497,0.04195789,0.002609343,1,1,0
843.7066,0.04192703,0.001132137,1,1,0
845.4892,0.04840749,0.005433088,1,1,0
848.1074,0.06375749,0.00680231,1,1,0
854.7861,0.04015874,0.0006004841,1,1,0
855.8078,0.03450445,0.001909369,1,1,0
858.5552,0.03368855,0.002256476,1,1,0
861.3933,0.02830008,0.002031753,1,1,0
865.8535,0.04236314,0.001841509,1,1,0
867.3916,0.0474373,0.003858072,1,1,0
870.0548,0.03849981,0.004077493,1,1,0
874.3191,0.0392973,0.01919609,1,1,0
875.5876,0.03786754,0.01484119,1,1,0
878.4891,0.03541187,0.004334326,1,1,0
885.4476,0.05860365,0.01308198,1,1,0
891.8284,0.02672966,0.07032989,1,1,0
895.7359,0.06382839,0.007181098,1,1,0
897.0115,0.04686219,0.008053668,1,1,0
903.6549,0.03528469,0.01114203,1,1,0
905.8968,0.03941024,0.004054353,1,1,0
908.4403,0.03334666,0.004246667,1,1,0
916.0844,0.03238282,0.004672812,1,1,0
919.9004,0.03795798,0.01157293,1,1,0
920.5778,0.04031465,0.008895806,1,1,0
923.0683,0.02564613,0.02539069,1,1,0
927.8662,0.03491557,0.003569837,1,1,0
929.6349,0.02947874,0.001314032,1,1,0
932.8607,0.02627164,0.0120742,1,1,0
937.498,0.0380792,0.001888185,1,1,0
939.5869,0.05022624,0.01173469,1,1,0
941.1313,0.04177474,0.008134819,1,1,0
944.0697,0.03836778,0.008690363,1,1,0
946.3387,0.04064718,0.006894924,1,1,0
951.6068,0.03552037,0.006324046,1,1,0
954.9163,0.04713097,0.008052711,1,1,0
958.8178,0.07258728,0.04133915,1,1,0
962.4034,0.04767302,0.0002541993,1,1,0
966.2936,0.04935312,0.02771265,1,1,0
974.3169,0.02302036,0.06121745,1,1,0
977.8883,0.03356349,0.003438423,1,1,0
985.2872,0.02959419,0.07924335,1,1,0
989.4716,0.06094465,0.004336361,1,1,0
990.7488,0.07377183,0.005941713,1,1,0
994.1681,0.03663357,0.02002372,1,1,0
997.8664,0.02676963,0.03163607,1,1,0
998.5977,0.04854021,0.03741024,1,1,0
1006.092,0.03993902,0.002419288,1,1,0
1007.061,0.03197707,0.004571556,1,1,0
1012.152,0.05060078,0.006009018,1,1,0
1015.8,0.03948526,0.0005806719,1,1,0
1016.959,0.04660113,0.01089252,1,1,0
1020.081,0.0527965,0.01937849,1,1,0
1024.801,0.0240857,0.001485232,1,1,0
1028.182,0.05952788,0.0420989,1,1,0
1031.562,0.05229206,0.02321288,1,1,0
1033.408,0.02865867,0.003676881,1,1,0
1034.707,0.02739936,0.0007485639,1,1,0
1035.619,0.0425837,0.001303754,1,1,0
1036.088,0.03638979,0.0007933136,1,1,0
1038.947,0.04183032,0.001304375,1,1,0
1039.804,0.04198675,0.002038079,1,1,0
1041.8,0.05249027,0.000866376,1,1,0
1044.043,0.04660496,0.02669493,1,1,0
1048.181,0.03663145,0.002790712,1,1,0
1049.32,0.04083969,0.003275454,1,1,0
1050.591,0.04133065,0.002717731,1,1,0
1057.18,0.04381212,0.01394552,1,1,0
1059.195,0.03793672,0.0007059737,1,1,0
1061.088,0.05067575,0.01182008,1,1,0
1065.096,0.05089913,0.005821279,1,1,0
1068.435,0.02650773,0.0004206145,1,1,0
1070.361,0.02488663,0.0531465,1,1,0
1074.554,0.04233884,0.0007312234,1,1,0
1075.87,0.02984706,0.01063589,1,1,0
1079.453,0.01962183,0.001583242,1,1,0
1082.501,0.03119178,0.004763398,1,1,0
1085.817,0.03369031,0.02277777,1,1,0
1089.239,0.05466009,0.0118862,1,1,0
1093.459,0.04382469,0.001384195,1,1,0
1097.298,0.03856839,0.0560221,1,1,0
1104.429,0.04366787,0.01038141,1,1,0
1107.221,0.05323221,0.01615643,1,1,0
1108.402,0.03913625,0.006391952,1,1,0
1111.607,0.03849324,0.001064777,1,1,0
1113.948,0.04220656,0.0008654812,1,1,0
1117.016,0.04015283,0.001983621,1,1,0
1119.173,0.03737087,0.008188709,1,1,0
1120.706,0.03754282,0.003447063,1,1,0
1124.717,0.04117854,0.01159961,1,1,0
1127.61,0.03497989,0.0005913658,1,1,0
1134.038,0.04407209,0.006038296,1,1,0
1137.58,0.04276173,0.00230294,1,1,0
1139.529,0.04077958,0.004923383,1,1,0
1140.364,0.04271839,0.006828192,1,1,0
1142.734,0.03833275,0.01667631,1,1,0
1145.198,0.02588293,0.02472732,1,1,0
1148.929,0.02637251,0.01987658,1,1,0
1151.199,0.04249763,0.003521151,1,1,0
1153.06,0.03663405,0.0120729,1,1,0
1156.026,0.03764953,0.001181187,1,1,0
1158.441,0.03631595,0.02477442,1,1,0
1160.77,0.02899469,0.003054704,1,1,0
1170.02,0.04132105,0.008918795,1,1,0
1171.015,0.04153504,0.002293556,1,1,0
1178.196,0.03623931,0.001757458,1,1,0
1181.66,0.03937227,0.0006625771,1,1,0
1184.919,0.03682441,0.001013681,1,1,0
1188.586,0.04807617,0.01430112,1,1,0
1191.477,0.05059838,0.001079768,1,1,0
1194.81,0.06611447,0.03079953,1,1,0
1200.252,0.03571965,0.008108998,1,1,0
1201.543,0.03905805,0.002795363,1,1,0
1205.76,0.03967647,0.002485698,1,1,0
1211.785,0.03881586,0.0005809496,1,1,0
1215.887,0.04004388,0.003176266,1,1,0
1218.526,0.0378724,0.04131737,1,1,0
1220.524,0.04021047,0.001848006,1,1,0
1225.389,0.04504651,0.0115333,1,1,0
1229.112,0.03734811,0.003739968,1,1,0
1231.233,0.03323057,0.0004912177,1,1,0
1236.082,0.04109389,0.01215289,1,1,0
1241.532,0.03653658,0.0008536836,1,1,0
1243.545,0.03133136,0.0006095619,1,1,0
1244.998,0.03848958,0.0006090028,1,1,0
1247.607,0.04155773,0.0008000286,1,1,0
1253.327,0.04597079,0.01316334,1,1,0
1255.233,0.03088866,0.009201995,1,1,0
1258.448,0.04573369,0.03999541,1,1,0
1260.434,0.05627086,0.0362261,1,1,0
1262.526,0.04656442,0.0009838499,1,1,0
1267.07,0.0427181,0.01417022,1,1,0
1268.376,0.04107229,0.01301594,1,1,0
1269.729,0.04566185,0.03015998,1,1,0
1272.659,0.04149174,0.0008698649,1,1,0
1274.201,0.03368623,0.005542422,1,1,0
1277.065,0.05787735,0.0189654,1,1,0
1284.858,0.03752073,0.001681788,1,1,0
1290.228,0.04285103,0.01728204,1,1,0
1291.787,0.0409991,0.0008190015,1,1,0
1294.496,0.0427646,0.006243204,1,1,0
1300.024,0.03736956,0.02188729,1,1,0
1302.507,0.0386152,0.01294227,1,1,0
1304.034,0.03539263,0.003217021,1,1,0
1306.201,0.03909708,0.001348992,1,1,0
1308.363,0.03641406,0.0009499396,1,1,0
1311.798,0.04210387,0.00468955,1,1,0
1313.601,0.04188955,0.01228068,1,1,0
1317.841,0.05208355,0.01913275,1,1,0
1319.848,0.06588413,0.02620566,1,1,0
1327.786,0.04214751,0.001329343,1,1,0
1330.285,0.03954934,0.00321355,1,1,0
1333.013,0.03655557,0.002051183,1,1,0
1335.766,0.04886544,0.03712808,1,1,0
1336.987,0.04479144,0.01761297,1,1,0
1339.534,0.03953003,0.01237007,1,1,0
1342.331,0.03883858,0.008453617,1,1,0
1345.561,0.03794868,0.002007039,1,1,0
1348.81,0.04049284,0.003419828,1,1,0
1353.542,0.04260532,0.009188226,1,1,0
1357.007,0.04096426,0.01094563,1,1,0
1358.348,0.04735169,0.02535668,1,1,0
1359.875,0.03916782,0.008862937,1,1,0
1361.577,0.03425137,0.006966543,1,1,0
1363.178,0.03790795,0.0007068988,1,1,0
1365.019,0.04091052,0.001577763,1,1,0
1369.448,0.04037452,0.001798785,1,1,0
1371.447,0.03752292,0.004191831,1,1,0
1373.48,0.0382431,0.002603682,1,1,0
1376.192,0.02814377,0.0008547702,1,1,0
1382.048,0.03934033,0.01054151,1,1,0
1383.32,0.04283493,0.002912438,1,1,0
1385.971,0.04160727,0.007652175,1,1,0
1390.347,0.03715078,0.009103346,1,1,0
1392.969,0.03869859,0.03695747,1,1,0
1395.897,0.03984447,0.04179792,1,1,0
1399.741,0.0316949,0.01133433,1,1,0
1404.229,0.04026523,0.02259296,1,1,0
1406.063,0.03886409,0.002692612,1,1,0
1407.49,0.03658161,0.0005446079,1,1,0
1409.11,0.0376534,0.01295258,1,1,0
1411.077,0.03832449,0.002475621,1,1,0
1414.554,0.04080207,0.003539676,1,1,0
1416.051,0.03983855,0.009159032,1,1,0
1417.933,0.03922851,0.002846443,1,1,0
1421.526,0.04157403,0.03701662,1,1,0
1423.138,0.04029777,0.003700056,1,1,0
1425.003,0.04109447,0.0009675749,1,1,0
1427.11,0.03389074,0.007453603,1,1,0
1431.528,0.04150563,0.001373423,1,1,0
1434.377,0.04020248,0.02403851,1,1,0
1436.483,0.04909969,0.001234681,1,1,0
1438.872,0.0432387,0.02784527,1,1,0
1441.339,0.03847212,0.0005523356,1,1,0
1443.628,0.03993088,0.003030017,1,1,0
1446.417,0.0421383,0.01130626,1,1,0
1457.679,0.0404942,0.02116958,1,1,0
1464.722,0.04070394,0.005392829,1,1,0
1467.517,0.04052552,0.01360196,1,1,0
1472.758,0.04143996,0.01530633,1,1,0
1474.576,0.04409829,0.001867706,1,1,0
1476.967,0.04054755,0.01624088,1,1,0
1481.182,0.04155791,0.003186102,1,1,0
1482.347,0.03846897,0.002799004,1,1,0
1484.127,0.04152714,0.0207597,1,1,0
1487.067,0.03676911,0.005946957,1,1,0
1490.936,0.03882261,0.002020545,1,1,0
1493.429,0.04113223,0.003105464,1,1,0
1495.815,0.03697397,0.00129979,1,1,0
1499.095,0.03983164,0.00772577,1,1,0
1506.393,0.03917675,0.004566025,1,1,0
1510.835,0.03828455,0.007124963,1,1,0
1512.417,0.03900351,0.008538804,1,1,0
1514.208,0.04031653,0.01509564,1,1,0
1515.695,0.03573535,0.006610614,1,1,0
1519.138,0.03601195,0.002435079,1,1,0
1521.572,0.0419941,0.01720309,1,1,0
1525.959,0.04116832,0.001118676,1,1,0
1527.546,0.04122918,0.006963917,1,1,0
1531.991,0.03622506,0.00476561,1,1,0
1536.375,0.04056626,0.003020676,1,1,0
1537.524,0.0444147,0.01564904,1,1,0
1540.448,0.0410018,0.01876291,1,1,0
1542.4,0.0435975,0.0005650679,1,1,0
1546.945,0.04307969,0.0002778953,1,1,0
1550.595,0.03637146,0.009965323,1,1,0
1551.91,0.04348547,0.01172449,1,1,0
1557.26,0.05567004,0.0003688165,1,1,0
1559.279,0.03289076,0.003155221,1,1,0
1564.53,0.03977061,0.0005849934,1,1,0
1566.061,0.0409242,0.0087021,1,1,0
1567.94,0.04502741,0.003631417,1,1,0
1569.332,0.04211808,0.02155869,1,1,0
1570.018,0.03865555,0.01934285,1,1,0
1571.612,0.04584187,0.0071089,1,1,0
1574.635,0.03890381,0.01994987,1,1,0
1576.221,0.04686034,0.001090762,1,1,0
1578.176,0.04088444,0.03839235,1,1,0
1582.854,0.03862757,0.02255154,1,1,0
1587.846,0.03314613,0.007124586,1,1,0
1590.187,0.02897816,0.008230542,1,1,0
1594.81,0.02760058,0.002984039,1,1,0
1598.739,0.03894831,0.03340492,1,1,0
1605.646,0.03951579,0.02013986,1,1,0
1607.934,0.03971982,0.003012852,1,1,0
1612.542,0.04300882,0.07474474,1,1,0
1613.304,0.04228493,0.0247731,1,1,0
1616.518,0.04148632,0.03149828,1,1,0
1620.651,0.04091634,0.01678676,1,1,0
1624.13,0.04049823,0.02059221,1,1,0
1625.876,0.03894329,0.006330127,1,1,0
1627.304,0.03896631,0.003231696,1,1,0
1634.049,0.03431361,0.002049789,1,1,0
1636.81,0.03931203,0.02056304,1,1,0
1638.992,0.0381464,0.0001188381,1,1,0
1650.193,0.02888134,0.006055785,1,1,0
1651.741,0.03952538,0.001911515,1,1,0
1657.469,0.04137134,0.005727682,1,1,0
1659.111,0.04276305,0.03256095,1,1,0
1660.76,0.04102038,0.001689116,1,1,0
1662.407,0.04205909,0.000972374,1,1,0
1664.292,0.04210845,0.02720646,1,1,0
1666.195,0.04047333,0.0005329963,1,1,0
1669.489,0.0391649,0.001278107,1,1,0
1670.613,0.0374264,0.00347468,1,1,0
1673.189,0.04144087,0.0540969,1,1,0
1679.521,0.03676866,0.006544261,1,1,0
1682.623,0.04350298,0.005348921,1,1,0
1684.345,0.04048631,0.05112081,1,1,0
1690.192,0.03468935,0.0009291277,1,1,0
1693.419,0.04100139,0.02453762,1,1,0
1699.475,0.0563561,0.001134612,1,1,0
1701.898,0.04248617,0.0415247,1,1,0
1703.869,0.04156703,0.02499321,1,1,0
1705.959,0.04185049,0.02594754,1,1,0
1707.975,0.0496606,0.002108877,1,1,0
1710.235,0.0409102,0.04150703,1,1,0
1713.594,0.03613587,0.001863178,1,1,0
1717.422,0.04435042,0.000960674,1,1,0
1719.088,0.03794273,0.004832055,1,1,0
1720.312,0.04386218,0.001552898,1,1,0
1722.797,0.04018474,0.008688409,1,1,0
1724.298,0.04416814,0.002655485,1,1,0
1726.597,0.04341697,0.02264182,1,1,0
1727.865,0.03706324,0.007505505,1,1,0
1729.346,0.03800494,0.005494876,1,1,0
1730.796,0.0419465,0.009553499,1,1,0
1731.797,0.03843515,0.002157839,1,1,0
1733.264,0.03822084,0.001630663,1,1,0
1735.327,0.03124483,0.006344534,1,1,0
1736.09,0.04585585,0.01639549,1,1,0
1739.724,0.04099582,0.02362599,1,1,0
1742.447,0.03760036,0.0002758911,1,1,0
1745.622,0.04092034,0.0003733669,1,1,0
1747.43,0.04010153,0.03735036,1,1,0
1754.173,0.0395592,0.01255264,1,1,0
1757.2,0.03338594,0.01097713,1,1,0
1759.461,0.04635319,0.0007007465,1,1,0
1763.092,0.03610739,0.006734822,1,1,0
1764.33,0.04261843,0.02818802,1,1,0
1767.592,0.04151672,0.0008994682,1,1,0
1770.118,0.03851691,0.003852914,1,1,0
1772.757,0.03940415,0.02038536,1,1,0
1775.261,0.04575969,0.001646292,1,1,0
1778.264,0.04449717,0.00886119,1,1,0
1779.441,0.0394991,0.003832939,1,1,0
1780.891,0.03837457,0.01658217,1,1,0
1782.972,0.03816408,0.002117109,1,1,0
1787.922,0.04204621,0.02589383,1,1,0
1789.838,0.04023356,0.003733628,1,1,0
1794.039,0.04173772,0.004739375,1,1,0
1796.178,0.04194016,0.1180238,1,1,0
1800.456,0.04118328,0.0273327,1,1,0
1803.133,0.04126434,0.04559994,1,1,0
1807.759,0.04298813,0.07914386,1,1,0
1809.306,0.03840444,0.05622517,1,1,0
1815.623,0.038397,0.01329955,1,1,0
1819.267,0.04093588,0.001827961,1,1,0
1826.671,0.04290127,0.01626632,1,1,0
1832.041,0.04146287,0.03394481,1,1,0
1834.908,0.04463785,0.06737991,1,1,0
1834.915,0.03894226,0.001447179,1,1,0
1837.302,0.04028248,0.0007506967,1,1,0
1840.213,0.03774066,0.005669301,1,1,0
1844.092,0.03871627,0.00663465,1,1,0
1846.204,0.04309301,0.02271778,1,1,0
1849.301,0.03845386,0.0044175,1,1,0
1851.572,0.03973718,0.01555575,1,1,0
1853.028,0.0399951,0.01608543,1,1,0
1857.854,0.03870988,0.01352381,1,1,0
1862.23,0.0403399,0.002092128,1,1,0
1864.809,0.04091445,0.001781562,1,1,0
1873.53,0.04247915,0.01660162,1,1,0
1874.071,0.03857995,0.02347221,1,1,0
1875.888,0.041848,0.002819671,1,1,0
1878.222,0.03661624,0.01723968,1,1,0
1886.3,0.03970175,0.005175964,1,1,0
1887.956,0.04444454,0.002907622,1,1,0
1890.401,0.04361563,0.002089424,1,1,0
1892.748,0.03502816,0.01067566,1,1,0
1896.481,0.0368069,0.01833456,1,1,0
1898.065,0.04062546,0.04458397,1,1,0
1901.929,0.03905936,0.00178337,1,1,0
1904.288,0.03602175,0.0143523,1,1,0
1907.302,0.0377013,0.003862309,1,1,0
1910.203,0.041807,0.001633423,1,1,0
1910.253,0.0387867,0.0005008123,1,1,0
1912.105,0.03124288,0.03728659,1,1,0
1919.056,0.03622871,0.0101414,1,1,0
1921.338,0.03487346,0.006965136,1,1,0
1924.181,0.03395444,0.008697074,1,1,0
1929.213,0.03954849,0.01800879,1,1,0
1932.35,0.03857974,0.01275609,1,1,0
1933.74,0.03814652,0.007762627,1,1,0
1941.15,0.04618863,0.007599907,1,1,0
1942.508,0.04563059,0.001066448,1,1,0
1947.004,0.04132358,0.0005017013,1,1,0
1949.236,0.04041945,0.03932509,1,1,0
1951.519,0.03887614,0.01645828,1,1,0
1954.104,0.0430522,0.05706244,1,1,0
1960.256,0.04030867,0.01782384,1,1,0
1962.625,0.03560831,0.002043594,1,1,0
1964.878,0.0396131,0.01289506,1,1,0
1966.395,0.03609119,0.01979626,1,1,0
1968.294,0.03953201,0.0009685891,1,1,0
1970.622,0.0306458,0.005383557,1,1,0
1971.851,0.04567003,0.003475586,1,1,0
1972.788,0.04409313,0.03171475,1,1,0
1976.317,0.04216678,0.004903575,1,1,0
1978.006,0.04591341,0.001786264,1,1,0
1981.408,0.03238251,0.0007324714,1,1,0
1987.176,0.04428911,0.00892703,1,1,0
1990.816,0.04248951,0.003858376,1,1,0
1992.695,0.03770163,0.003442824,1,1,0
1994.854,0.03922595,0.0119534,1,1,0
1996.776,0.04081704,0.02791778,1,1,0
1999.079,0.03968152,0.00259309,1,1,0
2000.065,0.04292026,0.01208583,1,1,0
2006.56,0.04143149,0.004471574,1,1,0
2007.462,0.03851482,0.003901331,1,1,0
2008.726,0.04126256,0.01758454,1,1,0
2011.635,0.04711429,0.00107894,1,1,0
2012.886,0.03600698,0.00354252,1,1,0
2014.935,0.01755669,0.001110678,1,1,0
2018.857,0.04332363,0.03012749,1,1,0
2020.005,0.04010445,0.001555053,1,1,0
2021.632,0.04775342,0.017337,1,1,0
2025.488,0.04426396,0.001877663,1,1,0
2027.195,0.03500693,0.001238421,1,1,0
2028.143,0.03096293,0.005221348,1,1,0
2035.427,0.0456892,0.003146105,1,1,0
2036.577,0.04335961,0.003003903,1,1,0
2038.712,0.04860854,0.01550173,1,1,0
2040.283,0.04140921,0.008646755,1,1,0
2042.794,0.04202762,0.01757882,1,1,0
2046.348,0.03669514,0.002488565,1,1,0
2050.324,0.02499388,0.001596919,1,1,0
2053.983,0.03462234,0.003598158,1,1,0
2055.117,0.04080422,0.01433209,1,1,0
2056.492,0.0395031,0.001668999,1,1,0
2059.11,0.03967792,0.006799171,1,1,0
2061.2,0.04055615,0.001120933,1,1,0
2064.085,0.04387297,0.001933961,1,1,0
2066.169,0.04248523,0.04117152,1,1,0
2068.072,0.04640571,0.01037167,1,1,0
2069.234,0.04268364,0.004429924,1,1,0
2072.847,0.03873929,0.02801494,1,1,0
2075.126,0.04493108,0.003671362,1,1,0
2078.178,0.04259195,0.02118985,1,1,0
2081.301,0.04154518,0.002331619,1,1,0
2084.307,0.0398386,0.01122237,1,1,0
2085.788,0.04110912,0.02081228,1,1,0
2088.245,0.04065505,0.04421949,1,1,0
2092.662,0.035579,0.002206632,1,1,0
2095.098,0.03861175,0.02244851,1,1,0
2098.112,0.04422202,0.02646097,1,1,0
2101.728,0.03641869,0.01995644,1,1,0
2104.62,0.03132249,0.002413069,1,1,0
2108.173,0.04248755,0.01626394,1,1,0
2111.259,0.04611288,0.02690661,1,1,0
2112.895,0.0360855,0.0009366881,1,1,0
2112.924,0.0372751,0.03434669,1,1,0
2121.226,0.04304666,0.06367971,1,1,0
2123.987,0.04342024,0.01260179,1,1,0
2126.56,0.04022321,0.03359286,1,1,0
2130.615,0.04184943,0.02935339,1,1,0
2137.483,0.03821267,0.01034162,1,1,0
2138.963,0.03701797,0.004012262,1,1,0
2142.997,0.03626985,0.0006949559,1,1,0
2146.667,0.04229239,0.005525554,1,1,0
2149.002,0.04248182,0.01340053,1,1,0
2151.426,0.04048659,0.017824,1,1,0
2153.123,0.04868454,0.04693895,1,1,0
2157.025,0.03788074,0.02088114,1,1,0
2159.068,0.0442158,0.009231404,1,1,0
2160.538,0.03976726,0.01197543,1,1,0
2164.585,0.04174622,0.02390201,1,1,0
2166.682,0.03896671,0.002486201,1,1,0
2169.056,0.04299262,0.03314964,1,1,0
2171.401,0.04191154,0.01599688,1,1,0
2175.876,0.04631179,0.01596895,1,1,0
2178.487,0.04294947,0.02358938,1,1,0
2180.349,0.03691358,0.003963192,1,1,0
2184.202,0.04626915,0.005680355,1,1,0
2186.511,0.03409959,0.0005436005,1,1,0
2188.942,0.04512204,0.004787457,1,1,0
2191.949,0.03691526,0.008874197,1,1,0
2195.28,0.04691567,0.01742782,1,1,0
2198.69,0.03905728,0.01316078,1,1,0
2201.14,0.03891155,0.003919353,1,1,0
2203.137,0.04279449,0.06401532,1,1,0
2209.379,0.03922158,0.0003646266,1,1,0
2211.122,0.03551663,0.001438903,1,1,0
2213.172,0.03899644,0.03131731,1,1,0
2215.162,0.04319904,0.009179424,1,1,0
2218.293,0.04805535,0.002502584,1,1,0
2220.321,0.03705414,0.00832123,1,1,0
2223.275,0.03550126,0.02413882,1,1,0
2224.932,0.0397494,8.559849e-05,1,1,0
2228.29,0.04437303,0.02373061,1,1,0
2231.864,0.02310204,0.002158019,1,1,0
2234.127,0.03540847,0.007074406,1,1,0
2236.679,0.03209526,0.001343909,1,1,0
2238.448,0.04338134,0.01427947,1,1,0
2241.502,0.04443146,0.02028873,1,1,0
2244.863,0.03919099,0.001014962,1,1,0
2248.968,0.05099279,0.003059336,1,1,0
2251.168,0.04667644,0.01384903,1,1,0
2254.946,0.0398454,0.003112413,1,1,0
2257.326,0.04241857,0.001886316,1,1,0
2259.618,0.04065321,0.02051361,1,1,0
2262.463,0.04364635,0.04059997,1,1,0
2264.874,0.0411637,0.004312903,1,1,0
2267.845,0.04165004,0.01171094,1,1,0
2269.839,0.03927836,0.03063353,1,1,0
2276.449,0.02999896,0.001373286,1,1,0
2278.561,0.04042639,0.009066669,1,1,0
2281.776,0.03833407,0.006798716,1,1,0
2284.039,0.03095617,0.001410275,1,1,0
2288.872,0.0438088,0.02866736,1,1,0
2292.422,0.04366698,0.005030862,1,1,0
2297.119,0.04306273,0.1337101,1,1,0
2303.737,0.04739982,0.07032462,1,1,0
2305.638,0.04052549,0.0144787,1,1,0
2310.949,0.04466184,0.03246856,1,1,0
2316.753,0.04025475,0.01610977,1,1,0
2318.186,0.03826571,0.001375356,1,1,0
2320.702,0.04852679,0.004319499,1,1,0
2321.89,0.04317863,0.002641074,1,1,0
2323.403,0.03965691,0.01431292,1,1,0
2325.281,0.04008493,0.009812906,1,1,0
2327.244,0.03619644,0.002593927,1,1,0
2330.774,0.04280785,0.03533889,1,1,0
2335.23,0.04430467,0.04462667,1,1,0
2338.203,0.04321854,0.02683952,1,1,0
2340.254,0.04036187,0.00104933,1,1,0
2342.198,0.03647737,0.003508587,1,1,0
2344.579,0.04262505,0.05103369,1,1,0
2347.124,0.04238115,0.03899438,1,1,0
2350.472,0.03936866,0.005563378,1,1,0
2351.779,0.03269701,0.00857933,1,1,0
2356.025,0.03980822,0.01480902,1,1,0
2357.791,0.04214233,0.04600637,1,1,0
2365.762,0.04469454,0.0186821,1,1,0
2370.016,0.04063349,0.003873888,1,1,0
2372.726,0.04307093,0.01427487,1,1,0
2375.338,0.04077528,0.06891576,1,1,0
2378.71,0.04209407,0.01486853,1,1,0
2381.763,0.0423933,0.01511353,1,1,0
2383.754,0.03940891,0.02182847,1,1,0
2385.745,0.04431403,0.005374252,1,1,0
2388.811,0.04234616,0.00500661,1,1,0
2391.177,0.04056547,0.00804636,1,1,0
2394.514,0.04143499,0.005713709,1,1,0
2396.492,0.04413565,0.01743188,1,1,0
2398.6,0.04791467,0.007232713,1,1,0
2401.966,0.04280458,0.003293448,1,1,0
2405.122,0.04634825,0.02866047,1,1,0
2407.233,0.04188191,0.01133877,1,1,0
2409.493,0.04251974,0.02928923,1,1,0
2414.174,0.04357733,0.007473951,1,1,0
2416.302,0.04006468,0.02688787,1,1,0
2418.304,0.04024681,0.005774994,1,1,0
2420.605,0.03862109,0.00541638,1,1,0
2422.974,0.04149984,0.02837097,1,1,0
2425.244,0.03926671,0.005135033,1,1,0
2430.565,0.02440887,0.005789728,1,1,0
2436.584,0.04539627,0.004048028,1,1,0
2439.54,0.0470204,0.04824266,1,1,0
2442.069,0.04083304,0.04350736,1,1,0
2448.794,0.04264229,0.007076877,1,1,0
2450.708,0.03985104,0.06815517,1,1,0
2456.325,0.04290266,0.02022187,1,1,0
2462.284,0.04084632,0.0250733,1,1,0
2465.667,0.0302592,0.004681445,1,1,0
2469.353,0.03981501,0.03680723,1,1,0
2471.347,0.0364183,0.004834984,1,1,0
2473.098,0.03534725,0.008894428,1,1,0
2476.919,0.03543532,0.02277226,1,1,0
2479.429,0.03204663,0.005398699,1,1,0
2482.038,0.04530128,0.02353739,1,1,0
2483.99,0.04024252,0.04533882,1,1,0
2485.445,0.06168987,0.04862685,1,1,0
2491.598,0.01587093,0.01524529,1,1,0
2494.657,0.03178817,0.05331216,1,1,0
2496.227,0.03351754,0.0009578164,1,1,0
2498.089,0.04,0.01928408,1,1,0
2500.85,0.03262239,0.009433392,1,1,0
2503.394,0.04,0.02675046,1,1,0
2506.205,0.03927163,0.0111733,1,1,0
2510.757,0.04,0.03345418,1,1,0
2510.928,0.04,0.0006949344,1,1,0
2514.189,0.04,0.003603069,1,1,0
2516.362,0.04,0.002421514,1,1,0
2519.433,0.04,0.00109499,1,1,0
2521.701,0.04,0.005171519,1,1,0
2523.917,0.04,0.004337917,1,1,0
2525.95,0.04,0.002183588,1,1,0
2525.968,0.04,0.002116324,1,1,0
2526.052,0.04,0.05728004,1,1,0
2529.355,0.04,0.1039271,1,1,0
2530.786,0.04,0.01561922,1,1,0
2532.197,0.04,0.004694448,1,1,0
2536.811,0.04,0.01142244,1,1,0
2540.254,0.04,0.006399128,1,1,0
2544.135,0.04,0.0018423,1,1,0
2550.593,0.04,0.004189099,1,1,0
2555.421,0.04,0.0009970231,1,1,0
2555.423,0.04,0.003733031,1,1,0
2557.001,0.04,0.004189843,1,1,0
2559.479,0.04,0.02344497,1,1,0
2563.785,0.04,4.18199e-05,1,1,0
2564.214,0.04,0.01474472,1,1,0
2564.351,0.04,0.02293432,1,1,0
2572.01,0.04,0.0046395,1,1,0
2573.623,0.04,0.1092112,1,1,0
2576.347,0.04,0.01800121,1,1,0
2579.906,0.04,0.009497634,1,1,0
2582.563,0.04,2.469172e-06,1,1,0
2592.13,0.04,0.01910717,1,1,0
2593.195,0.04,0.003761555,1,1,0
2595.359,0.04,0.0159861,1,1,0
2598.011,0.04,0.04532086,1,1,0
2601.659,0.04,0.002267504,1,1,0
2604.515,0.04,0.01810803,1,1,0
2607.62,0.04,0.001322208,1,1,0
2612.661,0.04,2.946384e-06,1,1,0
2618.982,0.04,0.04614489,1,1,0
2624.461,0.04,0.1387767,1,1,0
2628.392,0.04,7.836672e-05,1,1,0
2628.393,0.04,0.02145656,1,1,0
2635.126,0.04,0.02996126,1,1,0
2636.806,0.04,0.05012798,1,1,0
2638.316,0.04,0.01443666,1,1,0
2644.303,0.04,0.01734668,1,1,0
2646.561,0.04,0.02062828,1,1,0
2648.875,0.04,0.01438539,1,1,0
2652.513,0.04,0.02294199,1,1,0
2656.844,0.04,0.004462678,1,1,0
2663.535,0.04,0.00203284,1,1,0
2663.809,0.04,0.08441845,1,1,0
2668.448,0.04,0.0004831991,1,1,0
2669.332,0.04,0.01844556,1,1,0
2674.839,0.04,0.05119637,1,1,0
2677.027,0.04,0.02921778,1,1,0
2680.096,0.04,0.01444294,1,1,0
2681.185,0.04,5.024333e-06,1,1,0
2687.551,0.04,0.0007860775,1,1,0
2689.795,0.04,0.02628232,1,1,0
2692.982,0.04,0.07229767,1,1,0
2696.872,0.04,0.006362286,1,1,0
2700.1,0.04,0.06062928,1,1,0
2706.862,0.04,0.009943357,1,1,0
2711.37,0.04,0.009828463,1,1,0
2716.099,0.04,0.01176739,1,1,0
2716.219,0.04,0.03860096,1,1,0
2719.877,0.04,0.0035571,1,1,0
2722.292,0.04,0.01867648,1,1,0
2727.965,0.04,0.001545309,1,1,0
2729.236,0.04,0.003555782,1,1,0
2733.775,0.04,0.002464921,1,1,0
2735.698,0.04,0.002577409,1,1,0
2739.8,0.04,0.001349456,1,1,0
2741.048,0.04,0.01580026,1,1,0
2743.098,0.04,0.004233284,1,1,0
2749.162,0.04,0.05376922,1,1,0
2750.718,0.04,0.02138292,1,1,0
2752.905,0.04,0.006108686,1,1,0
2754.673,0.04,0.000222233,1,1,0
2754.73,0.04,0.004763352,1,1,0
2762.529,0.04,0.003567897,1,1,0
2762.531,0.04,0.005592992,1,1,0
2762.548,0.04,0.005349824,1,1,0
2762.558,0.04,0.0113643,1,1,0
2765.009,0.04,0.002111658,1,1,0
2770.493,0.04,0.01314406,1,1,0
2770.528,0.04,0.01303623,1,1,0
2774.709,0.04,0.04237659,1,1,0
2776.003,0.04,0.003343653,1,1,0
2777.029,0.04,0.006177304,1,1,0
2784.082,0.04,0.02873315,1,1,0
2785.034,0.04,0.04210128,1,1,0
2791.307,0.04,0.007663832,1,1,0
2791.539,0.04,0.02694466,1,1,0
2794.615,0.04,0.05337604,1,1,0
2798.817,0.04,9.658214e-06,1,1,0
2801.037,0.04,0.045615,1,1,0
2803.702,0.04,0.02109172,1,1,0
2808.614,0.04,0.002264406,1,1,0
2814.55,0.04,0.01411063,1,1,0
2816.605,0.04,0.0194905,1,1,0
2817.925,0.04,0.01278988,1,1,0
2825.614,0.04,7.24513e-06,1,1,0
2833.99,0.04,0.009489967,1,1,0
2836.266,0.04,0.02988857,1,1,0
2836.288,0.04,0.04636877,1,1,0
2838.212,0.04,0.008341544,1,1,0
2838.649,0.04,0.0008882251,1,1,0
2842.864,0.04,0.02768038,1,1,0
2844.416,0.04,4.283161e-05,1,1,0
2848.754,0.04,0.02115446,1,1,0
2852.078,0.04,0.02356282,1,1,0
2852.11,0.04,0.0006552237,1,1,0
2855.459,0.04,0.06999019,1,1,0
2861.371,0.04,0.04482894,1,1,0
2861.696,0.04,0.1259007,1,1,0
2864.293,0.04,0.03612871,1,1,0
2867.816,0.04,0.03496924,1,1,0
2872.149,0.04,0.02879671,1,1,0
2877.072,0.04,0.009197446,1,1,0
2878.736,0.04,3.870487e-05,1,1,0
2879.518,0.04,0.01764922,1,1,0
2883.75,0.04,0.06588231,1,1,0
2887.662,0.04,0.003872995,1,1,0
2889.172,0.04,0.00681851,1,1,0
2897.517,0.04,0.003248935,1,1,0
2900.944,0.04,0.005790616,1,1,0
2905.193,0.04,0.06598834,1,1,0
2909.068,0.04,0.03094146,1,1,0
2909.612,0.04,0.0009270299,1,1,0
2914.109,0.04,0.04816693,1,1,0
2918.501,0.04,0.004806348,1,1,0
2919.723,0.04,0.005702487,1,1,0
2919.9,0.04,0.01326976,1,1,0
2922.304,0.04,0.00562994,1,1,0
2927.318,0.04,0.08674054,1,1,0
2932.15,0.04,6.18066e-05,1,1,0
2940.125,0.04,0.02200782,1,1,0
2940.558,0.04,0.002470397,1,1,0
2942.994,0.04,0.03675909,1,1,0
2948.024,0.04,0.1050389,1,1,0
2950.881,0.04,0.05194515,1,1,0
2955.007,0.04,0.1422148,1,1,0
2958.368,0.04,0.001042137,1,1,0
2960.531,0.04,0.3250408,1,1,0
2960.852,0.04,0.009136454,1,1,0
2965.499,0.04,0.04092027,1,1,0
2966.55,0.04,0.01811442,1,1,0
2970.734,0.04,0.003071773,1,1,0
2973.204,0.04,0.003995829,1,1,0
2973.513,0.04,0.003041085,1,1,0
2977.226,0.04,0.003890066,1,1,0
2977.454,0.04,0.004204837,1,1,0
2980.784,0.04,0.01413815,1,1,0
2982.137,0.04,0.008925374,1,1,0
2982.465,0.04,0.04661172,1,1,0
2992.158,0.04,0.007088621,1,1,0
2993.147,0.04,0.0190792,1,1,0
2995.457,0.04,0.02191246,1,1,0
2996.053,0.04,0.001672862,1,1,0
2997.278,0.04,0.0007127386,1,1,0
3002.301,0.04,0.002527488,1,1,0
3004.667,0.04,0.0008750614,1,1,0
3004.755,0.04,0.006308529,1,1,0
3006.232,0.04,0.001614781,1,1,0
3012.783,0.04,0.004087985,1,1,0
3018.008,0.04,0.007562938,1,1,0
3022.577,0.04,0.004644045,1,1,0
3024.512,0.04,0.007876006,1,1,0
3028.866,0.04,0.03324046,1,1,0
3036.947,0.04,0.0152435,1,1,0
3036.987,0.04,0.02462351,1,1,0
3036.99,0.04,0.03059927,1,1,0
3043.968,0.04,0.0489794,1,1,0
3048.607,0.04,0.01143542,1,1,0
3048.616,0.04,0.003251943,1,1,0
3051.621,0.04,0.05515537,1,1,0
3059.31,0.04,0.001186465,1,1,0
3060.526,0.04,0.00684872,1,1,0
3064.892,0.04,0.0004831866,1,1,0
3065.986,0.04,0.02257943,1,1,0
3067.38,0.04,0.0002614664,1,1,0
3068.227,0.04,0.07337548,1,1,0
3078.079,0.04,0.007052523,1,1,0
3078.757,0.04,0.007990927,1,1,0
3080.515,0.04,0.01185138,1,1,0
3084.699,0.04,0.008003428,1,1,0
3088.495,0.04,0.02190562,1,1,0
3090.105,0.04,2.953908e-05,1,1,0
3090.151,0.04,0.0110854,1,1,0
3094.447,0.04,0.003260418,1,1,0
3094.451,0.04,0.003201033,1,1,0
3094.474,0.04,2.165891e-06,1,1,0
3100.495,0.04,0.03116471,1,1,0
3101.869,0.04,3.217062e-05,1,1,0
3104.64,0.04,0.01415361,1,1,0
3107.489,0.04,0.00868607,1,1,0
3109.741,0.04,0.04249903,1,1,0
3110.627,0.04,0.009003322,1,1,0
3116.763,0.04,0.02792106,1,1,0
3121.87,0.04,0.02057585,1,1,0
3126.762,0.04,0.007259935,1,1,0
3129.613,0.04,0.001769066,1,1,0
3137.964,0.04,0.01399213,1,1,0
3139.798,0.04,0.06936046,1,1,0
3143.138,0.04,0.1228253,1,1,0
3145.661,0.04,0.0001423267,1,1,0
3155.048,0.04,0.02026217,1,1,0
3155.688,0.04,0.004819144,1,1,0
3155.708,0.04,0.03500874,1,1,0
3155.718,0.04,0.002726282,1,1,0
3164.063,0.04,0.00504929,1,1,0
3167.745,0.04,0.001244387,1,1,0
3168.574,0.04,0.01276964,1,1,0
3170.505,0.04,0.01179904,1,1,0
3174.913,0.04,0.01607812,1,1,0
3177.969,0.04,0.03913044,1,1,0
3178.093,0.04,0.02941316,1,1,0
3182.734,0.04,0.04879527,1,1,0
3189.193,0.04,0.0002153334,1,1,0
3190.413,0.04,4.73765e-06,1,1,0
3192.072,0.04,0.02755914,1,1,0
3193.629,0.04,0.02083908,1,1,0
3199.808,0.04,0.0223554,1,1,0
3201.151,0.04,0.03158156,1,1,0
3208.373,0.04,0.002571094,1,1,0
3208.373,0.04,0.01447265,1,1,0
3212.8,0.04,0.01120976,1,1,0
3215.265,0.04,0.0006062765,1,1,0
3218.102,0.04,0.01245079,1,1,0
3218.102,0.04,0.001161381,1,1,0
3221.96,0.04,0.001540044,1,1,0
3224.753,0.04,0.003783943,1,1,0
3226.951,0.04,0.002436736,1,1,0
3232.764,0.04,0.01891051,1,1,0
3232.831,0.04,0.05674668,1,1,0
3232.85,0.04,0.009211587,1,1,0
3232.989,0.04,0.0006792805,1,1,0
3238.996,0.04,0.01801835,1,1,0
3249.385,0.04,0.09148625,1,1,0
3256.089,0.04,0.006478637,1,1,0
3259.631,0.04,0.002113389,1,1,0
3260.596,0.04,0.01489987,1,1,0
3261.135,0.04,0.007287756,1,1,0
3263.203,0.04,0.04730552,1,1,0
3263.345,0.04,0.001704726,1,1,0
3264.982,0.04,8.215748e-05,1,1,0
3269.791,0.04,0.02685382,1,1,0
3276.592,0.04,0.01044749,1,1,0
3277.462,0.04,0.01208582,1,1,0
3277.936,0.04,0.02383176,1,1,0
3283.598,0.04,0.03878285,1,1,0
3283.777,0.04,0.0001592357,1,1,0
3285.903,0.04,0.004014755,1,1,0
3288.274,0.04,0.01214073,1,1,0
3292.194,0.04,0.02519338,1,1,0
3295.354,0.04,0.003884162,1,1,0
3297.468,0.04,0.02618425,1,1,0
3300.208,0.04,0.0008767898,1,1,0
3304.192,0.04,1.947475e-05,1,1,0
3305.181,0.04,0.02053327,1,1,0
3309.355,0.04,0.0002018682,1,1,0
3309.379,0.04,0.008622395,1,1,0
3314.643,0.04,0.008619534,1,1,0
3316.814,0.04,0.005190237,1,1,0
3322.819,0.04,0.006647686,1,1,0
3326.245,0.04,0.005809223,1,1,0
3326.714,0.04,0.001412549,1,1,0
3328.664,0.04,0.002886975,1,1,0
3328.912,0.04,0.0004541387,1,1,0
3332.614,0.04,0.009355156,1,1,0
3333.949,0.04,0.00689189,1,1,0
3334.791,0.04,0.01210025,1,1,0
3338.003,0.04,0.004811054,1,1,0
3341.104,0.04,0.02238073,1,1,0
3345.189,0.04,0.02290539,1,1,0
3347.712,0.04,0.009450275,1,1,0
3347.716,0.04,0.001331952,1,1,0
3354.966,0.04,0.004213117,1,1,0
3358.71,0.04,0.06209178,1,1,0
3360.169,0.04,3.201489e-06,1,1,0
3360.92,0.04,0.005916301,1,1,0
3363.12,0.04,0.005922827,1,1,0
3371.18,0.04,0.007008791,1,1,0
3371.27,0.04,0.008984383,1,1,0
3372.189,0.04,7.777262e-05,1,1,0
3376.61,0.04,0.0252788,1,1,0
3377.015,0.04,0.001861698,1,1,0
3385.432,0.04,0.05247485,1,1,0
3385.451,0.04,0.03254879,1,1,0
3388.733,0.04,0.005561353,1,1,0
3393.598,0.04,0.008739526,1,1,0
3399.002,0.04,0.008899742,1,1,0
3404.513,0.04,0.04160003,1,1,0
3406.899,0.04,4.280326e-06,1,1,0
3407.239,0.04,0.01705192,1,1,0
3413.058,0.04,0.02871585,1,1,0
3413.058,0.04,0.01055807,1,1,0
3420.832,0.04,0.01495172,1,1,0
3421.958,0.04,0.005512238,1,1,0
3433.596,0.04,0.0297101,1,1,0
3436.166,0.04,0.03575348,1,1,0
3438.805,0.04,0.03302491,1,1,0
3441.125,0.04,0.003087134,1,1,0
3444.389,0.04,0.01492257,1,1,0
3446.516,0.04,0.07872608,1,1,0
3448.858,0.04,0.002400069,1,1,0
3451.072,0.04,9.359013e-05,1,1,0
3451.491,0.04,0.04109319,1,1,0
3453.118,0.04,0.0009163522,1,1,0
3453.932,0.04,0.001118461,1,1,0
3456.616,0.04,0.03599551,1,1,0
3462.741,0.04,0.01338602,1,1,0
3464.788,0.04,1.782888e-05,1,1,0
3466.601,0.04,0.05635797,1,1,0
3470.269,0.04,0.0323814,1,1,0
3473.501,0.04,0.002178034,1,1,0
3477.13,0.04,4.919494e-05,1,1,0
3481.194,0.04,0.01512575,1,1,0
3483.565,0.04,0.002077356,1,1,0
3483.566,0.04,0.00230901,1,1,0
3487.161,0.04,0.004983372,1,1,0
3490.601,0.04,0.005681235,1,1,0
3490.899,0.04,0.01078917,1,1,0
3497.044,0.04,0.01696062,1,1,0
3499.922,0.04,0.002703296,1,1,0
3502.419,0.04,0.02727684,1,1,0
3503.794,0.04,0.002698126,1,1,0
3511.49,0.04,0.03007741,1,1,0
3512.467,0.04,0.008146012,1,1,0
3516.015,0.04,0.007679347,1,1,0
3518.31,0.04,0.01420812,1,1,0
3521.179,0.04,0.01134483,1,1,0
3522.24,0.04,0.0351514,1,1,0
3526.378,0.04,0.01314148,1,1,0
3528.847,0.04,0.04296763,1,1,0
3530.785,0.04,0.002904943,1,1,0
3534.042,0.04,0.009494654,1,1,0
3534.776,0.04,0.03779783,1,1,0
3535.044,0.04,0.000295123,1,1,0
3536.76,0.04,0.01246126,1,1,0
3542.671,0.04,0.0137961,1,1,0
3547.384,0.04,0.002186167,1,1,0
3552.576,0.04,0.01055496,1,1,0
3554.322,0.04,0.004448614,1,1,0
3558.188,0.04,0.03550664,1,1,0
3560.27,0.04,0.01925889,1,1,0
3562.087,0.04,0.0125466,1,1,0
3565.118,0.04,0.01316605,1,1,0
3569.857,0.04,0.0001170448,1,1,0
3573.684,0.04,0.001745925,1,1,0
3575.376,0.04,0.0686951,1,1,0
3575.989,0.04,0.01132312,1,1,0
3584.057,0.04,0.005125183,1,1,0
3593.344,0.04,0.01170637,1,1,0
3600.417,0.04,0.002487219,1,1,0
3602.441,0.04,0.06656652,1,1,0
3607.244,0.04,0.01864672,1,1,0
3610.956,0.04,0.04769687,1,1,0
3612.799,0.04,0.0004408806,1,1,0
3614.137,0.04,0.190225,1,1,0
3615.729,0.04,0.03225288,1,1,0
3619.153,0.04,0.03304075,1,1,0
3619.308,0.04,0.0003373436,1,1,0
3623.62,0.04,-3.79773e-05,1,1,0
3625.595,0.04,0.00788883,1,1,0
3629.609,0.04,0.09264537,1,1,0
3635.923,0.04,0.005741686,1,1,0
3640.719,0.04,0.00214751,1,1,0
3641.006,0.04,0.02077454,1,1,0
3641.154,0.04,0.005767827,1,1,0
3642.124,0.04,0.0001380204,1,1,0
3643.942,0.04,0.01686269,1,1,0
3649.185,0.04,0.03402288,1,1,0
3652.662,0.04,0.006207722,1,1,0
3655.737,0.04,0.06337388,1,1,0
3656.157,0.04,0.003220186,1,1,0
3663.953,0.04,0.001238514,1,1,0
3665.043,0.04,0.0004601989,1,1,0
3667.05,0.04,0.007324644,1,1,0
3669.974,0.04,0.05163187,1,1,0
3675.541,0.04,0.01652119,1,1,0
3680.774,0.04,0.002107122,1,1,0
3680.871,0.04,0.04505797,1,1,0
3682.173,0.04,0.000771212,1,1,0
3687.663,0.04,6.812102e-08,1,1,0
3690.931,0.04,0.02295706,1,1,0
3693.009,0.04,0.03431454,1,1,0
3694.585,0.04,0.003442851,1,1,0
3694.59,0.04,0.004417303,1,1,0
3700.746,0.04,2.459499e-06,1,1,0
3702.132,0.04,0.002601762,1,1,0
3706.054,0.04,0.01780855,1,1,0
3706.876,0.04,2.316111e-05,1,1,0
3709.676,0.04,0.03679647,1,1,0
3712.537,0.04,0.008242413,1,1,0
3714.816,0.04,0.03174682,1,1,0
3718.009,0.04,0.06640632,1,1,0
3719.46,0.04,0.01182635,1,1,0
3720.953,0.04,0.0001002229,1,1,0
3727.983,0.04,0.001768977,1,1,0
3734.369,0.04,0.004954442,1,1,0
3737.799,0.04,0.0009992696,1,1,0
3737.8,0.04,0.01562944,1,1,0
3746.864,0.04,0.05601926,1,1,0
3746.867,0.04,0.00250087,1,1,0
3751.91,0.04,0.009341653,1,1,0
3753.948,0.04,0.07384152,1,1,0
3754.088,0.04,0.01226391,1,1,0
3754.447,0.04,0.001018326,1,1,0
3757.759,0.04,0.05740212,1,1,0
3760.153,0.04,0.0006052949,1,1,0
3760.536,0.04,0.004906841,1,1,0
3760.72,0.04,0.0009987036,1,1,0
3761.055,0.04,0.002007357,1,1,0
3773.152,0.04,0.02466644,1,1,0
3774.274,0.04,0.003735727,1,1,0
3778.204,0.04,0.006593594,1,1,0
3785.004,0.04,0.006710287,1,1,0
3788.056,0.04,0.00358371,1,1,0
3790.168,0.04,0.01237938,1,1,0
3793.304,0.04,0.06861359,1,1,0
3803.07,0.04,0.033869,1,1,0
3803.199,0.04,0.02525719,1,1,0
3803.67,0.04,0.0001702614,1,1,0
3809.495,0.04,0.2012781,1,1,0
3811.817,0.04,0.004067625,1,1,0
3812.643,0.04,0.007666775,1,1,0
3812.643,0.04,0.002475922,1,1,0
3824.094,0.04,0.02939081,1,1,0
3825.529,0.04,0.0009775129,1,1,0
3825.533,0.04,0.01679332,1,1,0
3831.185,0.04,1.73226e-06,1,1,0
3840.396,0.04,6.955341e-06,1,1,0
3841.015,0.04,0.002218673,1,1,0
3842.488,0.04,0.01392624,1,1,0
3846.585,0.04,0.01645823,1,1,0
3849.237,0.04,0.01183395,1,1,0
3854.908,0.04,0.03137089,1,1,0
3857.246,0.04,0.08112737,1,1,0
3864.882,0.04,0.03364415,1,1,0
3868.478,0.04,0.01581298,1,1,0
3872.0,0.04,0.02318318,1,1,0
3873.478,0.04,0.006951123,1,1,0
3878.167,0.04,0.002099542,1,1,0
3885.164,0.04,0.03247893,1,1,0
3886.354,0.04,0.001852334,1,1,0
3891.139,0.04,2.159428e-05,1,1,0
3895.95,0.04,0.0003101438,1,1,0
3898.158,0.04,0.005880898,1,1,0
3907.239,0.04,0.001047766,1,1,0
3910.045,0.04,0.004799534,1,1,0
3911.157,0.04,0.01747868,1,1,0
3911.161,0.04,0.01174389,1,1,0
3913.658,0.04,0.007030596,1,1,0
3913.663,0.04,0.005578428,1,1,0
3916.154,0.04,0.009449149,1,1,0
3918.731,0.04,0.01331754,1,1,0
3923.487,0.04,0.03460763,1,1,0
3929.496,0.04,0.01971952,1,1,0
3929.635,0.04,0.007792375,1,1,0
3932.421,0.04,1.081122e-06,1,1,0
3933.137,0.04,0.001565674,1,1,0
3936.751,0.04,0.03543409,1,1,0
3939.252,0.04,0.1403923,1,1,0
3940.931,0.04,4.924693e-05,1,1,0
3943.57,0.04,0.06054823,1,1,0
3948.257,0.04,0.02661973,1,1,0
3955.205,0.04,0.01582854,1,1,0
3960.392,0.04,4.326492e-05,1,1,0
3961.989,0.04,6.741182e-05,1,1,0
3963.6,0.04,0.01970032,1,1,0
3968.125,0.04,0.004084665,1,1,0
3978.564,0.04,0.003586121,1,1,0
3980.573,0.04,0.09616076,1,1,0
3981.512,0.04,0.04364389,1,1,0
3985.593,0.04,0.08133519,1,1,0
3987.46,0.04,0.0001315946,1,1,0
3989.118,0.04,0.008708385,1,1,0
3993.936,0.04,0.0220965,1,1,0
4001.39,0.04,0.01028053,1,1,0
4005.679,0.04,0.01260194,1,1,0
4005.979,0.04,0.002655294,1,1,0
4008.648,0.04,0.04128562,1,1,0
4009.217,0.04,0.02696226,1,1,0
4011.296,0.04,0.008654806,1,1,0
4016.125,0.04,0.01566653,1,1,0
4018.838,0.04,0.004963429,1,1,0
4021.993,0.04,0.02815678,1,1,0
4024.086,0.04,0.00703323,1,1,0
4027.425,0.04,0.001474389,1,1,0
4028.615,0.04,0.008036526,1,1,0
4030.573,0.04,0.01274716,1,1,0
4037.582,0.04,0.004747074,1,1,0
4038.137,0.04,0.008507805,1,1,0
4038.613,0.04,0.06315553,1,1,0
4041.959,0.04,0.02735958,1,1,0
4043.035,0.04,0.008882741,1,1,0
4045.051,0.04,0.02170847,1,1,0
4048.533,0.04,0.03502378,1,1,0
4051.449,0.04,0.006565624,1,1,0
4051.598,0.04,0.03939156,1,1,0
4056.208,0.04,0.01070247,1,1,0
4062.273,0.04,0.009731469,1,1,0
4063.532,0.04,3.238092e-05,1,1,0
4063.551,0.04,0.04416617,1,1,0
4063.624,0.04,0.0007795411,1,1,0
4066.339,0.04,0.003688441,1,1,0
4068.55,0.04,0.03010879,1,1,0
4074.504,0.04,0.0205983,1,1,0
4078.422,0.04,0.0403528,1,1,0
4078.621,0.04,0.001157629,1,1,0
4081.23,0.04,0.04457301,1,1,0
4082.196,0.04,4.68807e-05,1,1,0
4088.195,0.04,0.007028101,1,1,0
4094.569,0.04,0.002854002,1,1,0
4096.738,0.04,0.003369992,1,1,0
4096.79,0.04,0.0447295,1,1,0
4100.529,0.04,0.09733543,1,1,0
4105.403,0.04,0.03593669,1,1,0
4112.545,0.04,0.004369196,1,1,0
4114.509,0.04,3.875032e-05,1,1,0
4117.501,0.04,0.06984496,1,1,0
4124.451,0.04,0.006157376,1,1,0
4127.227,0.04,0.01043405,1,1,0
4127.246,0.04,0.008807695,1,1,0
4135.6,0.04,0.008174567,1,1,0
4135.828,0.04,0.007969697,1,1,0
4146.501,0.04,0.001506695,1,1,0
4146.502,0.04,0.003359916,1,1,0
4146.511,0.04,0.05339597,1,1,0
4150.065,0.04,0.03657708,1,1,0
4150.665,0.04,0.004416643,1,1,0
4156.494,0.04,0.001014098,1,1,0
4159.607,0.04,0.00443516,1,1,0
4160.24,0.04,0.0001053432,1,1,0
4169.703,0.04,0.0006519911,1,1,0
4169.77,0.04,0.01266134,1,1,0
4169.961,0.04,0.008121434,1,1,0
4176.914,0.04,0.00617891,1,1,0
4176.914,0.04,0.006137295,1,1,0
4180.567,0.04,0.04842839,1,1,0
4180.645,0.04,0.01584594,1,1,0
4184.009,0.04,0.005975212,1,1,0
4184.015,0.04,0.0005674885,1,1,0
4186.364,0.04,0.01876676,1,1,0
4186.823,0.04,0.00944482,1,1,0
4188.202,0.04,0.001905499,1,1,0
4196.596,0.04,0.007753063,1,1,0
4198.844,0.04,0.01257461,1,1,0
4198.956,0.04,0.02186788,1,1,0
4209.331,0.04,0.01564733,1,1,0
4210.391,0.04,0.001029103,1,1,0
4211.497,0.04,0.1263636,1,1,0
4215.711,0.04,0.04926915,1,1,0
4229.557,0.04,2.009611e-05,1,1,0
4229.596,0.04,0.04429751,1,1,0
4234.715,0.04,0.03154873,1,1,0
4240.541,0.04,0.005208183,1,1,0
4240.634,0.04,0.03640106,1,1,0
4244.531,0.04,0.004855186,1,1,0
4246.275,0.04,2.131128e-05,1,1,0
4256.236,0.04,0.006839346,1,1,0
4256.307,0.04,0.05846855,1,1,0
4261.549,0.04,0.001211206,1,1,0
4261.549,0.04,0.0003493002,1,1,0
4262.069,0.04,0.03498888,1,1,0
4265.301,0.04,0.0001293696,1,1,0
4270.473,0.04,0.01640394,1,1,0
4276.025,0.04,0.01348561,1,1,0
4280.734,0.04,0.0007015409,1,1,0
4282.178,0.04,0.001861462,1,1,0
4283.187,0.04,0.005631664,1,1,0
4287.441,0.04,0.02574903,1,1,0
4287.862,0.04,0.03491688,1,1,0
4290.812,0.04,0.01156799,1,1,0
4291.79,0.04,0.003289374,1,1,0
4294.32,0.04,0.001417373,1,1,0
4294.554,0.04,0.01430383,1,1,0
4309.698,0.04,0.01712977,1,1,0
4310.412,0.04,5.114914e-05,1,1,0
4311.695,0.04,0.03888591,1,1,0
4314.917,0.04,0.04136524,1,1,0
4320.209,0.04,0.007428485,1,1,0
4325.722,0.04,0.01527724,1,1,0
4326.181,0.04,0.01289307,1,1,0
4332.484,0.04,0.001335636,1,1,0
4335.762,0.04,0.02255101,1,1,0
4336.271,0.04,2.48216e-06,1,1,0
4336.452,0.04,-0.01363935,1,1,0
4344.482,0.04,0.02241067,1,1,0
4344.903,0.04,0.0009770432,1,1,0
4349.665,0.04,0.008664186,1,1,0
4349.781,0.04,0.0001033309,1,1,0
4353.382,0.04,0.01792935,1,1,0
4362.437,0.04,0.0006658805,1,1,0
4362.596,0.04,0.01330739,1,1,0
4369.354,0.04,0.01808436,1,1,0
4372.45,0.04,0.02854109,1,1,0
4375.713,0.04,0.009145268,1,1,0
4379.822,0.04,-0.0006894142,1,1,0
4383.871,0.04,0.05862349,1,1,0
4385.294,0.04,0.01562695,1,1,0
4388.443,0.04,0.02961494,1,1,0
4393.999,0.04,0.08990464,1,1,0
4397.661,0.04,0.1330876,1,1,0
4400.015,0.04,0.0006694151,1,1,0
4400.018,0.04,0.007833878,1,1,0
4401.491,0.04,0.01044948,1,1,0
4405.429,0.04,0.004527854,1,1,0
4405.485,0.04,0.01060677,1,1,0
4413.585,0.04,0.01522586,1,1,0
4417.101,0.04,0.1177109,1,1,0
4423.097,0.04,4.279629e-05,1,1,0
4424.105,0.04,0.01950215,1,1,0
4431.356,0.04,0.001223854,1,1,0
4433.233,0.04,0.01893436,1,1,0
4433.418,0.04,0.007087617,1,1,0
4433.422,0.04,0.03679285,1,1,0
4433.659,0.04,0.001481647,1,1,0
4436.734,0.04,0.007084089,1,1,0
4441.334,0.04,0.0397018,1,1,0
4441.428,0.04,0.04264155,1,1,0
4441.628,0.04,0.01137863,1,1,0
4443.338,0.04,0.003457808,1,1,0
4455.665,0.04,0.03239017,1,1,0
4458.283,0.04,0.0006058772,1,1,0
4465.494,0.04,0.02242128,1,1,0
4466.544,0.04,0.008139408,1,1,0
4466.897,0.04,0.003134264,1,1,0
4468.028,0.04,0.04450124,1,1,0
4468.062,0.04,0.0007878209,1,1,0
4473.827,0.04,0.0004390965,1,1,0
4475.471,0.04,0.00771914,1,1,0
4476.276,0.04,0.0001108518,1,1,0
4481.812,0.04,0.02869603,1,1,0
4482.116,0.04,0.1124527,1,1,0
4482.397,0.04,0.01236407,1,1,0
4483.787,0.04,0.009473099,1,1,0
4483.788,0.04,0.002932978,1,1,0
4487.694,0.04,0.01516918,1,1,0
4494.012,0.04,0.009145191,1,1,0
4502.6,0.04,0.002405022,1,1,0
4502.616,0.04,0.01586247,1,1,0
4502.707,0.04,0.02489981,1,1,0
4505.67,0.04,0.00660474,1,1,0
4512.891,0.04,0.04348612,1,1,0
4522.287,0.04,0.08021064,1,1,0
4522.406,0.04,0.002048704,1,1,0
4526.119,0.04,0.02433695,1,1,0
4528.595,0.04,0.0005203647,1,1,0
4529.125,0.04,0.01070411,1,1,0
4529.272,0.04,0.000628461,1,1,0
4529.66,0.04,0.05220312,1,1,0
4534.189,0.04,0.05813011,1,1,0
4536.555,0.04,0.0003055483,1,1,0
4540.271,0.04,0.002631019,1,1,0
4541.079,0.04,0.007648766,1,1,0
4545.54,0.04,0.008446972,1,1,0
4546.904,0.04,0.0322327,1,1,0
4557.63,0.04,0.04315953,1,1,0
4558.311,0.04,0.002196955,1,1,0
4559.507,0.04,0.002773588,1,1,0
4563.927,0.04,0.001655009,1,1,0
4567.294,0.04,0.00868067,1,1,0
4568.358,0.04,0.01239808,1,1,0
4569.527,0.04,1.346662e-05,1,1,0
4574.322,0.04,4.74433e-07,1,1,0
4579.127,0.04,0.003274592,1,1,0
4583.341,0.04,0.01018746,1,1,0
4591.882,0.04,0.006195426,1,1,0
4593.266,0.04,0.002508391,1,1,0
4600.024,0.04,0.03053684,1,1,0
4600.192,0.04,0.07492526,1,1,0
4603.05,0.04,0.009382725,1,1,0
4605.247,0.04,0.007186806,1,1,0
4611.724,0.04,3.07725e-07,1,1,0
4623.343,0.04,0.002006266,1,1,0
4624.444,0.04,0.01037525,1,1,0
4624.892,0.04,0.001724402,1,1,0
4625.469,0.04,0.003030291,1,1,0
4626.24,0.04,0.0011298,1,1,0
4636.953,0.04,0.004258804,1,1,0
4638.215,0.04,0.02637448,1,1,0
4638.248,0.04,0.006594737,1,1,0
4647.493,0.04,0.0005343148,1,1,0
4647.688,0.04,0.114913,1,1,0
4651.013,0.04,0.04335557,1,1,0
4656.259,0.04,0.001486783,1,1,0
4659.595,0.04,9.123857e-05,1,1,0
4661.05,0.04,0.009195745,1,1,0
4664.394,0.04,0.1161748,1,1,0
4669.407,0.04,0.01485687,1,1,0
4673.65,0.04,0.0002502878,1,1,0
4677.547,0.04,0.07444384,1,1,0
4679.754,0.04,0.006136798,1,1,0
4681.675,0.04,0.003001742,1,1,0
4690.661,0.04,0.0003224246,1,1,0
4698.447,0.04,0.006771821,1,1,0
4699.49,0.04,0.002779371,1,1,0
4704.156,0.04,0.08722869,1,1,0
4716.224,0.04,0.0003178982,1,1,0
4716.535,0.04,0.03125585,1,1,0
4716.572,0.04,0.05452166,1,1,0
4718.705,0.04,0.0642435,1,1,0
4722.232,0.04,0.008469071,1,1,0
4727.538,0.04,0.001071558,1,1,0
4727.544,0.04,0.08579895,1,1,0
4739.293,0.04,0.0003896682,1,1,0
4742.587,0.04,0.01263056,1,1,0
4744.331,0.04,3.540535e-05,1,1,0
4746.834,0.04,0.03451461,1,1,0
4747.794,0.04,0.01524958,1,1,0
4755.082,0.04,0.01199906,1,1,0
4755.61,0.04,0.0833544,1,1,0
4760.408,0.04,0.0001694145,1,1,0
4766.885,0.04,0.00136996,1,1,0
4766.939,0.04,0.01485924,1,1,0
4773.07,0.04,0.009107892,1,1,0
4773.073,0.04,0.001514165,1,1,0
4776.378,0.04,0.001153478,1,1,0
4781.085,0.04,0.01106654,1,1,0
4787.897,0.04,0.04081907,1,1,0
4787.979,0.04,0.008596242,1,1,0
4793.266,0.04,-0.0001126305,1,1,0
4795.99,0.04,0.06945283,1,1,0
4799.21,0.04,0.004895931,1,1,0
4802.072,0.04,0.004536551,1,1,0
4802.078,0.04,0.01014845,1,1,0
4812.245,0.04,0.00570423,1,1,0
4812.81,0.04,0.006562821,1,1,0
4818.421,0.04,3.545508e-05,1,1,0
4822.084,0.04,0.01531458,1,1,0
4822.679,0.04,0.1072039,1,1,0
4825.222,0.04,0.01821251,1,1,0
4825.774,0.04,0.000437061,1,1,0
4827.54,0.04,0.02850109,1,1,0
4830.132,0.04,0.0004144959,1,1,0
4830.698,0.04,0.01115027,1,1,0
4837.864,0.04,0.01082854,1,1,0
4838.05,0.04,0.0217023,1,1,0
4838.181,0.04,0.001005334,1,1,0
4844.698,0.04,0.0002377466,1,1,0
4846.763,0.04,0.002767492,1,1,0
4847.317,0.04,0.002327491,1,1,0
4850.533,0.04,0.0003688491,1,1,0
4850.545,0.04,0.02039137,1,1,0
4856.316,0.04,0.0004225511,1,1,0
4857.142,0.04,0.00511359,1,1,0
4859.811,0.04,0.08586823,1,1,0
4869.452,0.04,0.08285012,1,1,0
4872.159,0.04,0.002783881,1,1,0
4872.161,0.04,0.002052749,1,1,0
4873.038,0.04,0.006676056,1,1,0
4876.199,0.04,0.003838644,1,1,0
4886.915,0.04,0.002074959,1,1,0
4887.402,0.04,0.0008119715,1,1,0
4888.661,0.04,0.0006997254,1,1,0
4893.014,0.04,0.05606599,1,1,0
4893.027,0.04,0.0004936441,1,1,0
4901.328,0.04,0.06837111,1,1,0
4901.33,0.04,0.004714926,1,1,0
4913.046,0.04,0.009618485,1,1,0
4913.062,0.04,0.00328375,1,1,0
4913.823,0.04,0.01462499,1,1,0
4921.91,0.04,0.1187816,1,1,0
4923.691,0.04,2.559089e-05,1,1,0
4926.711,0.04,0.07770184,1,1,0
4930.047,0.04,0.0232809,1,1,0
4933.369,0.04,0.02560463,1,1,0
4938.714,0.04,0.08136949,1,1,0
4942.375,0.04,5.008219e-05,1,1,0
4946.338,0.04,0.0141679,1,1,0
4951.209,0.04,0.05916679,1,1,0
4951.334,0.04,0.04922652,1,1,0
4952.792,0.04,0.0003012931,1,1,0
4957.927,0.04,0.053181,1,1,0
4960.937,0.04,0.0001037618,1,1,0
4962.026,0.04,0.03488067,1,1,0
4966.372,0.04,0.02427923,1,1,0
4968.479,0.04,0.01683963,1,1,0
4973.193,0.04,0.01533193,1,1,0
4974.068,0.04,2.306483e-08,1,1,0
4978.162,0.04,0.1169748,1,1,0
4984.414,0.04,-0.0005942484,1,1,0
4984.479,0.04,0.1233716,1,1,0
4989.116,0.04,0.01298207,1,1,0
4990.354,0.04,0.01232206,1,1,0
4994.008,0.04,0.0475671,1,1,0
4994.336,0.04,0.001438494,1,1,0
4997.486,0.04,0.132817,1,1,0
5014.0,0.03927,0.1868,1,1,0
5017.0,0.03927,0.2028,1,1,0
5019.0,0.03927,0.2347,1,1,0
5021.0,0.03927,0.2259,1,1,0
5024.0,0.03927,0.2581,1,1,0
